grass_top,block-texture,textures/blocks/grass_top.png,32x32,https://kenney.nl/assets/voxel-pack,Creative Commons CC0 (as stated on kenney.nl page and License.txt in zip),Kenney (kenney.nl),sourced-derived,kenney:grass_top
dirt_grass,block-texture,textures/blocks/dirt_grass.png,32x32,https://kenney.nl/assets/voxel-pack,Creative Commons CC0 (as stated on kenney.nl page and License.txt in zip),Kenney (kenney.nl),sourced-derived,kenney:dirt_grass
dirt,block-texture,textures/blocks/dirt.png,32x32,https://kenney.nl/assets/voxel-pack,Creative Commons CC0 (as stated on kenney.nl page and License.txt in zip),Kenney (kenney.nl),sourced-derived,kenney:dirt
stone,block-texture,textures/blocks/stone.png,32x32,https://kenney.nl/assets/voxel-pack,Creative Commons CC0 (as stated on kenney.nl page and License.txt in zip),Kenney (kenney.nl),sourced-derived,kenney:stone
greystone,block-texture,textures/blocks/greystone.png,32x32,https://kenney.nl/assets/voxel-pack,Creative Commons CC0 (as stated on kenney.nl page and License.txt in zip),Kenney (kenney.nl),sourced-derived,kenney:greystone
stone_coal,block-texture,textures/blocks/stone_coal.png,32x32,https://kenney.nl/assets/voxel-pack,Creative Commons CC0 (as stated on kenney.nl page and License.txt in zip),Kenney (kenney.nl),sourced-derived,kenney:stone_coal
sand,block-texture,textures/blocks/sand.png,32x32,https://kenney.nl/assets/voxel-pack,Creative Commons CC0 (as stated on kenney.nl page and License.txt in zip),Kenney (kenney.nl),sourced-derived,kenney:sand
gravel_stone,block-texture,textures/blocks/gravel_stone.png,32x32,https://kenney.nl/assets/voxel-pack,Creative Commons CC0 (as stated on kenney.nl page and License.txt in zip),Kenney (kenney.nl),sourced-derived,kenney:gravel_stone
brick_red,block-texture,textures/blocks/brick_red.png,32x32,https://kenney.nl/assets/voxel-pack,Creative Commons CC0 (as stated on kenney.nl page and License.txt in zip),Kenney (kenney.nl),sourced-derived,kenney:brick_red
brick_grey,block-texture,textures/blocks/brick_grey.png,32x32,https://kenney.nl/assets/voxel-pack,Creative Commons CC0 (as stated on kenney.nl page and License.txt in zip),Kenney (kenney.nl),sourced-derived,kenney:brick_grey
wood,block-texture,textures/blocks/wood.png,32x32,https://kenney.nl/assets/voxel-pack,Creative Commons CC0 (as stated on kenney.nl page and License.txt in zip),Kenney (kenney.nl),sourced-derived,kenney:wood
trunk_top,block-texture,textures/blocks/trunk_top.png,32x32,https://kenney.nl/assets/voxel-pack,Creative Commons CC0 (as stated on kenney.nl page and License.txt in zip),Kenney (kenney.nl),sourced-derived,kenney:trunk_top
trunk_side,block-texture,textures/blocks/trunk_side.png,32x32,https://kenney.nl/assets/voxel-pack,Creative Commons CC0 (as stated on kenney.nl page and License.txt in zip),Kenney (kenney.nl),sourced-derived,kenney:trunk_side
leaves,block-texture,textures/blocks/leaves.png,32x32,https://kenney.nl/assets/voxel-pack,Creative Commons CC0 (as stated on kenney.nl page and License.txt in zip),Kenney (kenney.nl),sourced-derived,kenney:leaves_transparent
cotton_blue,block-texture,textures/blocks/cotton_blue.png,32x32,https://kenney.nl/assets/voxel-pack,Creative Commons CC0 (as stated on kenney.nl page and License.txt in zip),Kenney (kenney.nl),sourced-derived,kenney:cotton_blue
cotton_green,block-texture,textures/blocks/cotton_green.png,32x32,https://kenney.nl/assets/voxel-pack,Creative Commons CC0 (as stated on kenney.nl page and License.txt in zip),Kenney (kenney.nl),sourced-derived,kenney:cotton_green
cotton_red,block-texture,textures/blocks/cotton_red.png,32x32,https://kenney.nl/assets/voxel-pack,Creative Commons CC0 (as stated on kenney.nl page and License.txt in zip),Kenney (kenney.nl),sourced-derived,kenney:cotton_red
cotton_tan,block-texture,textures/blocks/cotton_tan.png,32x32,https://kenney.nl/assets/voxel-pack,Creative Commons CC0 (as stated on kenney.nl page and License.txt in zip),Kenney (kenney.nl),sourced-derived,kenney:cotton_tan
snow,block-texture,textures/blocks/snow.png,32x32,https://kenney.nl/assets/voxel-pack,Creative Commons CC0 (as stated on kenney.nl page and License.txt in zip),Kenney (kenney.nl),sourced-derived,kenney:snow
ice,block-texture,textures/blocks/ice.png,32x32,https://kenney.nl/assets/voxel-pack,Creative Commons CC0 (as stated on kenney.nl page and License.txt in zip),Kenney (kenney.nl),sourced-derived,kenney:ice
redsand,block-texture,textures/blocks/redsand.png,32x32,https://kenney.nl/assets/voxel-pack,Creative Commons CC0 (as stated on kenney.nl page and License.txt in zip),Kenney (kenney.nl),sourced-derived,kenney:redsand
coreplate,block-texture,textures/blocks/coreplate.png,32x32,,Project-original (generated by tools/gen_pack.py; owner trebiluk); no third-party license,trebiluk project,generated,generated
workbench_top,block-texture,textures/blocks/workbench_top.png,32x32,https://kenney.nl/assets/voxel-pack,Creative Commons CC0 (as stated on kenney.nl page and License.txt in zip) base + Project-original (generated by tools/gen_pack.py; owner trebiluk); no third-party license,Kenney (kenney.nl),sourced-derived,generated (on kenney:wood)
workbench_side,block-texture,textures/blocks/workbench_side.png,32x32,https://kenney.nl/assets/voxel-pack,Creative Commons CC0 (as stated on kenney.nl page and License.txt in zip) base + Project-original (generated by tools/gen_pack.py; owner trebiluk); no third-party license,Kenney (kenney.nl),sourced-derived,generated (on kenney:wood)
oven_front,block-texture,textures/blocks/oven_front.png,32x32,,Project-original (generated by tools/gen_pack.py; owner trebiluk); no third-party license,trebiluk project,generated,generated
oven_side,block-texture,textures/blocks/oven_side.png,32x32,,Project-original (generated by tools/gen_pack.py; owner trebiluk); no third-party license,trebiluk project,generated,generated
oven_top,block-texture,textures/blocks/oven_top.png,32x32,,Project-original (generated by tools/gen_pack.py; owner trebiluk); no third-party license,trebiluk project,generated,generated
vend_front,block-texture,textures/blocks/vend_front.png,32x32,,Project-original (generated by tools/gen_pack.py; owner trebiluk); no third-party license,trebiluk project,generated,generated
machine_side,block-texture,textures/blocks/machine_side.png,32x32,,Project-original (generated by tools/gen_pack.py; owner trebiluk); no third-party license,trebiluk project,generated,generated
machine_top,block-texture,textures/blocks/machine_top.png,32x32,,Project-original (generated by tools/gen_pack.py; owner trebiluk); no third-party license,trebiluk project,generated,generated
store_front,block-texture,textures/blocks/store_front.png,32x32,https://kenney.nl/assets/voxel-pack,Creative Commons CC0 (as stated on kenney.nl page and License.txt in zip) base + Project-original (generated by tools/gen_pack.py; owner trebiluk); no third-party license,Kenney (kenney.nl),sourced-derived,generated (on kenney:wood)
store_top,block-texture,textures/blocks/store_top.png,32x32,https://kenney.nl/assets/voxel-pack,Creative Commons CC0 (as stated on kenney.nl page and License.txt in zip),Kenney (kenney.nl),sourced-derived,kenney:wood
bunk_top,block-texture,textures/blocks/bunk_top.png,32x32,https://kenney.nl/assets/voxel-pack,Creative Commons CC0 (as stated on kenney.nl page and License.txt in zip) base + Project-original (generated by tools/gen_pack.py; owner trebiluk); no third-party license,Kenney (kenney.nl),sourced-derived,generated (on kenney:cotton_blue)
bunk_side,block-texture,textures/blocks/bunk_side.png,32x32,https://kenney.nl/assets/voxel-pack,Creative Commons CC0 (as stated on kenney.nl page and License.txt in zip) base + Project-original (generated by tools/gen_pack.py; owner trebiluk); no third-party license,Kenney (kenney.nl),sourced-derived,generated (on kenney:wood)
box_front,block-texture,textures/blocks/box_front.png,32x32,https://kenney.nl/assets/voxel-pack,Creative Commons CC0 (as stated on kenney.nl page and License.txt in zip) base + Project-original (generated by tools/gen_pack.py; owner trebiluk); no third-party license,Kenney (kenney.nl),sourced-derived,generated (on kenney:wood)
box_side,block-texture,textures/blocks/box_side.png,32x32,https://kenney.nl/assets/voxel-pack,Creative Commons CC0 (as stated on kenney.nl page and License.txt in zip) base + Project-original (generated by tools/gen_pack.py; owner trebiluk); no third-party license,Kenney (kenney.nl),sourced-derived,generated (on kenney:wood)
box_top,block-texture,textures/blocks/box_top.png,32x32,https://kenney.nl/assets/voxel-pack,Creative Commons CC0 (as stated on kenney.nl page and License.txt in zip) base + Project-original (generated by tools/gen_pack.py; owner trebiluk); no third-party license,Kenney (kenney.nl),sourced-derived,generated (on kenney:wood)
smelter_front,block-texture,textures/blocks/smelter_front.png,32x32,https://kenney.nl/assets/voxel-pack,Creative Commons CC0 (as stated on kenney.nl page and License.txt in zip) base + Project-original (generated by tools/gen_pack.py; owner trebiluk); no third-party license,Kenney (kenney.nl),sourced-derived,generated (on kenney:brick_grey)
smelter_side,block-texture,textures/blocks/smelter_side.png,32x32,https://kenney.nl/assets/voxel-pack,Creative Commons CC0 (as stated on kenney.nl page and License.txt in zip),Kenney (kenney.nl),sourced-derived,kenney:brick_grey
smelter_top,block-texture,textures/blocks/smelter_top.png,32x32,https://kenney.nl/assets/voxel-pack,Creative Commons CC0 (as stated on kenney.nl page and License.txt in zip),Kenney (kenney.nl),sourced-derived,kenney:brick_grey
fabricator_front,block-texture,textures/blocks/fabricator_front.png,32x32,,Project-original (generated by tools/gen_pack.py; owner trebiluk); no third-party license,trebiluk project,generated,generated
ore_iron,block-texture,textures/blocks/ore_iron.png,32x32,,Project-original (generated by tools/gen_pack.py; owner trebiluk); no third-party license,trebiluk project,generated,generated
ore_copper,block-texture,textures/blocks/ore_copper.png,32x32,,Project-original (generated by tools/gen_pack.py; owner trebiluk); no third-party license,trebiluk project,generated,generated
ore_zinc,block-texture,textures/blocks/ore_zinc.png,32x32,,Project-original (generated by tools/gen_pack.py; owner trebiluk); no third-party license,trebiluk project,generated,generated
glow_moss,block-texture,textures/blocks/glow_moss.png,32x32,,Project-original (generated by tools/gen_pack.py; owner trebiluk); no third-party license,trebiluk project,generated,generated
ore_tin,block-texture,textures/blocks/ore_tin.png,32x32,,Project-original (generated by tools/gen_pack.py; owner trebiluk); no third-party license,trebiluk project,generated,generated
ore_quartz,block-texture,textures/blocks/ore_quartz.png,32x32,,Project-original (generated by tools/gen_pack.py; owner trebiluk); no third-party license,trebiluk project,generated,generated
sand_quartz,block-texture,textures/blocks/sand_quartz.png,32x32,,Project-original (generated by tools/gen_pack.py; owner trebiluk); no third-party license,trebiluk project,generated,generated
clay,block-texture,textures/blocks/clay.png,32x32,,Project-original (generated by tools/gen_pack.py; owner trebiluk); no third-party license,trebiluk project,generated,generated
clay_boundary,block-texture,textures/blocks/clay_boundary.png,32x32,,Project-original (generated by tools/gen_pack.py; owner trebiluk); no third-party license,trebiluk project,generated,generated
ore_silver,block-texture,textures/blocks/ore_silver.png,32x32,,Project-original (generated by tools/gen_pack.py; owner trebiluk); no third-party license,trebiluk project,generated,generated
ore_gold,block-texture,textures/blocks/ore_gold.png,32x32,,Project-original (generated by tools/gen_pack.py; owner trebiluk); no third-party license,trebiluk project,generated,generated
ore_graphite,block-texture,textures/blocks/ore_graphite.png,32x32,,Project-original (generated by tools/gen_pack.py; owner trebiluk); no third-party license,trebiluk project,generated,generated
gravel_panned,block-texture,textures/blocks/gravel_panned.png,32x32,,Project-original (generated by tools/gen_pack.py; owner trebiluk); no third-party license,trebiluk project,generated,generated
salt_crust,block-texture,textures/blocks/salt_crust.png,32x32,,Project-original (generated by tools/gen_pack.py; owner trebiluk); no third-party license,trebiluk project,generated,generated
sand_black,block-texture,textures/blocks/sand_black.png,32x32,,Project-original (generated by tools/gen_pack.py; owner trebiluk); no third-party license,trebiluk project,generated,generated
bauxite,block-texture,textures/blocks/bauxite.png,32x32,,Project-original (generated by tools/gen_pack.py; owner trebiluk); no third-party license,trebiluk project,generated,generated
ore_ilmenite,block-texture,textures/blocks/ore_ilmenite.png,32x32,,Project-original (generated by tools/gen_pack.py; owner trebiluk); no third-party license,trebiluk project,generated,generated
ore_platinum,block-texture,textures/blocks/ore_platinum.png,32x32,,Project-original (generated by tools/gen_pack.py; owner trebiluk); no third-party license,trebiluk project,generated,generated
basalt,block-texture,textures/blocks/basalt.png,32x32,,Project-original (generated by tools/gen_pack.py; owner trebiluk); no third-party license,trebiluk project,generated,generated
dirt_snow,block-texture,textures/blocks/dirt_snow.png,32x32,https://kenney.nl/assets/voxel-pack,Creative Commons CC0 (as stated on kenney.nl page and License.txt in zip),Kenney (kenney.nl),sourced-derived,kenney:dirt_snow
cabinet_front,block-texture,textures/blocks/cabinet_front.png,32x32,https://kenney.nl/assets/voxel-pack,Creative Commons CC0 (as stated on kenney.nl page and License.txt in zip) base + Project-original (generated by tools/gen_pack.py; owner trebiluk); no third-party license,Kenney (kenney.nl),sourced-derived,generated (on kenney:wood)
cabinet_glass_front,block-texture,textures/blocks/cabinet_glass_front.png,32x32,https://kenney.nl/assets/voxel-pack,Creative Commons CC0 (as stated on kenney.nl page and License.txt in zip) base + Project-original (generated by tools/gen_pack.py; owner trebiluk); no third-party license,Kenney (kenney.nl),sourced-derived,generated (on kenney:wood)
locker_front,block-texture,textures/blocks/locker_front.png,32x32,,Project-original (generated by tools/gen_pack.py; owner trebiluk); no third-party license,trebiluk project,generated,generated
locker_side,block-texture,textures/blocks/locker_side.png,32x32,,Project-original (generated by tools/gen_pack.py; owner trebiluk); no third-party license,trebiluk project,generated,generated
sorter_front,block-texture,textures/blocks/sorter_front.png,32x32,,Project-original (generated by tools/gen_pack.py; owner trebiluk); no third-party license,trebiluk project,generated,generated
sorter_side,block-texture,textures/blocks/sorter_side.png,32x32,,Project-original (generated by tools/gen_pack.py; owner trebiluk); no third-party license,trebiluk project,generated,generated
core_front,block-texture,textures/blocks/core_front.png,32x32,,Project-original (generated by tools/gen_pack.py; owner trebiluk); no third-party license,trebiluk project,generated,generated
drivebay_front,block-texture,textures/blocks/drivebay_front.png,32x32,,Project-original (generated by tools/gen_pack.py; owner trebiluk); no third-party license,trebiluk project,generated,generated
terminal_front,block-texture,textures/blocks/terminal_front.png,32x32,,Project-original (generated by tools/gen_pack.py; owner trebiluk); no third-party license,trebiluk project,generated,generated
batterybox_front,block-texture,textures/blocks/batterybox_front.png,32x32,,Project-original (generated by tools/gen_pack.py; owner trebiluk); no third-party license,trebiluk project,generated,generated
bounce_top,block-texture,textures/blocks/bounce_top.png,32x32,,Project-original (generated by tools/gen_pack.py; owner trebiluk); no third-party license,trebiluk project,generated,generated
bounce_side,block-texture,textures/blocks/bounce_side.png,32x32,,Project-original (generated by tools/gen_pack.py; owner trebiluk); no third-party license,trebiluk project,generated,generated
disco_top,block-texture,textures/blocks/disco_top.png,32x32,,Project-original (generated by tools/gen_pack.py; owner trebiluk); no third-party license,trebiluk project,generated,generated
note_top,block-texture,textures/blocks/note_top.png,32x32,https://kenney.nl/assets/voxel-pack,Creative Commons CC0 (as stated on kenney.nl page and License.txt in zip) base + Project-original (generated by tools/gen_pack.py; owner trebiluk); no third-party license,Kenney (kenney.nl),sourced-derived,generated (on kenney:wood_red)
note_side,block-texture,textures/blocks/note_side.png,32x32,https://kenney.nl/assets/voxel-pack,Creative Commons CC0 (as stated on kenney.nl page and License.txt in zip) base + Project-original (generated by tools/gen_pack.py; owner trebiluk); no third-party license,Kenney (kenney.nl),sourced-derived,generated (on kenney:wood_red)
jukebox_front,block-texture,textures/blocks/jukebox_front.png,32x32,,Project-original (generated by tools/gen_pack.py; owner trebiluk); no third-party license,trebiluk project,generated,generated
jukebox_side,block-texture,textures/blocks/jukebox_side.png,32x32,,Project-original (generated by tools/gen_pack.py; owner trebiluk); no third-party license,trebiluk project,generated,generated
jukebox_top,block-texture,textures/blocks/jukebox_top.png,32x32,,Project-original (generated by tools/gen_pack.py; owner trebiluk); no third-party license,trebiluk project,generated,generated
pumpkin_top,block-texture,textures/blocks/pumpkin_top.png,32x32,,Project-original (generated by tools/gen_pack.py; owner trebiluk); no third-party license,trebiluk project,generated,generated
pumpkin_side,block-texture,textures/blocks/pumpkin_side.png,32x32,,Project-original (generated by tools/gen_pack.py; owner trebiluk); no third-party license,trebiluk project,generated,generated
jack_front,block-texture,textures/blocks/jack_front.png,32x32,,Project-original (generated by tools/gen_pack.py; owner trebiluk); no third-party license,trebiluk project,generated,generated
leaf_pile,block-texture,textures/blocks/leaf_pile.png,32x32,,Project-original (generated by tools/gen_pack.py; owner trebiluk); no third-party license,trebiluk project,generated,generated
apple_crate_top,block-texture,textures/blocks/apple_crate_top.png,32x32,https://kenney.nl/assets/voxel-pack,Creative Commons CC0 (as stated on kenney.nl page and License.txt in zip) base + Project-original (generated by tools/gen_pack.py; owner trebiluk); no third-party license,Kenney (kenney.nl),sourced-derived,generated (on kenney:wood)
apple_crate_side,block-texture,textures/blocks/apple_crate_side.png,32x32,https://kenney.nl/assets/voxel-pack,Creative Commons CC0 (as stated on kenney.nl page and License.txt in zip) base + Project-original (generated by tools/gen_pack.py; owner trebiluk); no third-party license,Kenney (kenney.nl),sourced-derived,generated (on kenney:wood)
tile_skull_pattern,block-texture,textures/blocks/tile_skull_pattern.png,32x32,,Project-original (generated by tools/gen_pack.py; owner trebiluk); no third-party license,trebiluk project,generated,generated
tile_rangoli,block-texture,textures/blocks/tile_rangoli.png,32x32,,Project-original (generated by tools/gen_pack.py; owner trebiluk); no third-party license,trebiluk project,generated,generated
labbench_top,block-texture,textures/blocks/labbench_top.png,32x32,https://kenney.nl/assets/voxel-pack,Creative Commons CC0 (as stated on kenney.nl page and License.txt in zip) base + Project-original (generated by tools/gen_pack.py; owner trebiluk); no third-party license,Kenney (kenney.nl),sourced-derived,generated (on kenney:wood)
labbench_side,block-texture,textures/blocks/labbench_side.png,32x32,https://kenney.nl/assets/voxel-pack,Creative Commons CC0 (as stated on kenney.nl page and License.txt in zip) base + Project-original (generated by tools/gen_pack.py; owner trebiluk); no third-party license,Kenney (kenney.nl),sourced-derived,generated (on kenney:wood)
drafting_top,block-texture,textures/blocks/drafting_top.png,32x32,https://kenney.nl/assets/voxel-pack,Creative Commons CC0 (as stated on kenney.nl page and License.txt in zip) base + Project-original (generated by tools/gen_pack.py; owner trebiluk); no third-party license,Kenney (kenney.nl),sourced-derived,generated (on kenney:wood)
cleanbench_front,block-texture,textures/blocks/cleanbench_front.png,32x32,,Project-original (generated by tools/gen_pack.py; owner trebiluk); no third-party license,trebiluk project,generated,generated
copper_block,block-texture,textures/blocks/copper_block.png,32x32,,Project-original (generated by tools/gen_pack.py; owner trebiluk); no third-party license,trebiluk project,generated,generated
steel_block,block-texture,textures/blocks/steel_block.png,32x32,,Project-original (generated by tools/gen_pack.py; owner trebiluk); no third-party license,trebiluk project,generated,generated
bamboo_top,block-texture,textures/blocks/bamboo_top.png,32x32,,Project-original (generated by tools/gen_pack.py; owner trebiluk); no third-party license,trebiluk project,generated,generated
bamboo_side,block-texture,textures/blocks/bamboo_side.png,32x32,,Project-original (generated by tools/gen_pack.py; owner trebiluk); no third-party license,trebiluk project,generated,generated
plywood,block-texture,textures/blocks/plywood.png,32x32,,Project-original (generated by tools/gen_pack.py; owner trebiluk); no third-party license,trebiluk project,generated,generated
cut_stone,block-texture,textures/blocks/cut_stone.png,32x32,,Project-original (generated by tools/gen_pack.py; owner trebiluk); no third-party license,trebiluk project,generated,generated
cinder_top,block-texture,textures/blocks/cinder_top.png,32x32,,Project-original (generated by tools/gen_pack.py; owner trebiluk); no third-party license,trebiluk project,generated,generated
cinder_side,block-texture,textures/blocks/cinder_side.png,32x32,,Project-original (generated by tools/gen_pack.py; owner trebiluk); no third-party license,trebiluk project,generated,generated
concrete,block-texture,textures/blocks/concrete.png,32x32,,Project-original (generated by tools/gen_pack.py; owner trebiluk); no third-party license,trebiluk project,generated,generated
roof_tile,block-texture,textures/blocks/roof_tile.png,32x32,,Project-original (generated by tools/gen_pack.py; owner trebiluk); no third-party license,trebiluk project,generated,generated
overflow_front,block-texture,textures/blocks/overflow_front.png,32x32,https://kenney.nl/assets/voxel-pack,Creative Commons CC0 (as stated on kenney.nl page and License.txt in zip) base + Project-original (generated by tools/gen_pack.py; owner trebiluk); no third-party license,Kenney (kenney.nl),sourced-derived,generated (on kenney:wood)
granite,block-texture,textures/blocks/granite.png,32x32,,Project-original (generated by tools/gen_pack.py; owner trebiluk); no third-party license,trebiluk project,generated,generated
red_soil,block-texture,textures/blocks/red_soil.png,32x32,,Project-original (generated by tools/gen_pack.py; owner trebiluk); no third-party license,trebiluk project,generated,generated
trunk_white_top,block-texture,textures/blocks/trunk_white_top.png,32x32,https://kenney.nl/assets/voxel-pack,Creative Commons CC0 (as stated on kenney.nl page and License.txt in zip),Kenney (kenney.nl),sourced-derived,kenney:trunk_white_top
trunk_white_side,block-texture,textures/blocks/trunk_white_side.png,32x32,https://kenney.nl/assets/voxel-pack,Creative Commons CC0 (as stated on kenney.nl page and License.txt in zip),Kenney (kenney.nl),sourced-derived,kenney:trunk_white_side
trunk_spruce_top,block-texture,textures/blocks/trunk_spruce_top.png,32x32,https://kenney.nl/assets/voxel-pack,Creative Commons CC0 (as stated on kenney.nl page and License.txt in zip),Kenney (kenney.nl),sourced-derived,kenney:trunk_top (recoloured)
trunk_spruce_side,block-texture,textures/blocks/trunk_spruce_side.png,32x32,https://kenney.nl/assets/voxel-pack,Creative Commons CC0 (as stated on kenney.nl page and License.txt in zip),Kenney (kenney.nl),sourced-derived,kenney:trunk_side (recoloured)
hay_top,block-texture,textures/blocks/hay_top.png,32x32,,Project-original (generated by tools/gen_pack.py; owner trebiluk); no third-party license,trebiluk project,generated,generated
hay_side,block-texture,textures/blocks/hay_side.png,32x32,,Project-original (generated by tools/gen_pack.py; owner trebiluk); no third-party license,trebiluk project,generated,generated
carved_front_blank,block-texture,textures/blocks/carved_front_blank.png,32x32,,Project-original (generated by tools/gen_pack.py; owner trebiluk); no third-party license,trebiluk project,generated,generated
gift_top,block-texture,textures/blocks/gift_top.png,32x32,,Project-original (generated by tools/gen_pack.py; owner trebiluk); no third-party license,trebiluk project,generated,generated
gift_side,block-texture,textures/blocks/gift_side.png,32x32,,Project-original (generated by tools/gen_pack.py; owner trebiluk); no third-party license,trebiluk project,generated,generated
tile_ornament,block-texture,textures/blocks/tile_ornament.png,32x32,,Project-original (generated by tools/gen_pack.py; owner trebiluk); no third-party license,trebiluk project,generated,generated
stripe_red,block-texture,textures/blocks/stripe_red.png,32x32,,Project-original (generated by tools/gen_pack.py; owner trebiluk); no third-party license,trebiluk project,generated,generated
leaves,block-texture,textures/blocks/leaves.png,32x32,https://kenney.nl/assets/voxel-pack,Creative Commons CC0 (as stated on kenney.nl page and License.txt in zip),Kenney (kenney.nl),sourced-derived,kenney:leaves_transparent
glass,block-texture,textures/blocks/glass.png,32x32,https://kenney.nl/assets/voxel-pack,Creative Commons CC0 (as stated on kenney.nl page and License.txt in zip),Kenney (kenney.nl),sourced-derived,kenney:glass_frame
wheat_stage4,block-texture,textures/blocks/wheat_stage4.png,32x32,https://kenney.nl/assets/voxel-pack,Creative Commons CC0 (as stated on kenney.nl page and License.txt in zip),Kenney (kenney.nl),sourced-derived,kenney:wheat_stage4
reed,block-texture,textures/blocks/reed.png,32x32,,Project-original (generated by tools/gen_pack.py; owner trebiluk); no third-party license,trebiluk project,generated,generated
door_wood_top,block-texture,textures/blocks/door_wood_top.png,32x32,,Project-original (generated by tools/gen_pack.py; owner trebiluk); no third-party license,trebiluk project,generated,generated
door_wood_bottom,block-texture,textures/blocks/door_wood_bottom.png,32x32,,Project-original (generated by tools/gen_pack.py; owner trebiluk); no third-party license,trebiluk project,generated,generated
door_glass_top,block-texture,textures/blocks/door_glass_top.png,32x32,,Project-original (generated by tools/gen_pack.py; owner trebiluk); no third-party license,trebiluk project,generated,generated
door_glass_bottom,block-texture,textures/blocks/door_glass_bottom.png,32x32,,Project-original (generated by tools/gen_pack.py; owner trebiluk); no third-party license,trebiluk project,generated,generated
door_metal_top,block-texture,textures/blocks/door_metal_top.png,32x32,,Project-original (generated by tools/gen_pack.py; owner trebiluk); no third-party license,trebiluk project,generated,generated
door_metal_bottom,block-texture,textures/blocks/door_metal_bottom.png,32x32,,Project-original (generated by tools/gen_pack.py; owner trebiluk); no third-party license,trebiluk project,generated,generated
door_slide_top,block-texture,textures/blocks/door_slide_top.png,32x32,,Project-original (generated by tools/gen_pack.py; owner trebiluk); no third-party license,trebiluk project,generated,generated
door_slide_bottom,block-texture,textures/blocks/door_slide_bottom.png,32x32,,Project-original (generated by tools/gen_pack.py; owner trebiluk); no third-party license,trebiluk project,generated,generated
corn_bush,block-texture,textures/blocks/corn_bush.png,32x32,,Project-original (generated by tools/gen_pack.py; owner trebiluk); no third-party license,trebiluk project,generated,generated
solar_top,block-texture,textures/blocks/solar_top.png,32x32,,Project-original (generated by tools/gen_pack.py; owner trebiluk); no third-party license,trebiluk project,generated,generated
machine_side,block-texture,textures/blocks/machine_side.png,32x32,,Project-original (generated by tools/gen_pack.py; owner trebiluk); no third-party license,trebiluk project,generated,generated
glow_strip,block-texture,textures/blocks/glow_strip.png,32x32,,Project-original (generated by tools/gen_pack.py; owner trebiluk); no third-party license,trebiluk project,generated,generated
wire_copper,block-texture,textures/blocks/wire_copper.png,32x32,,Project-original (generated by tools/gen_pack.py; owner trebiluk); no third-party license,trebiluk project,generated,generated
water,block-texture,textures/blocks/water.png,32x32,https://kenney.nl/assets/voxel-pack,Creative Commons CC0 (as stated on kenney.nl page and License.txt in zip),Kenney (kenney.nl),sourced-derived,kenney:water
molten,block-texture,textures/blocks/molten.png,32x32,,Project-original (generated by tools/gen_pack.py; owner trebiluk); no third-party license,trebiluk project,generated,generated
cotton_bush,block-texture,textures/blocks/cotton_bush.png,32x32,,Project-original (generated by tools/gen_pack.py; owner trebiluk); no third-party license,trebiluk project,generated,generated
flower_teal,block-texture,textures/blocks/flower_teal.png,32x32,,Project-original (generated by tools/gen_pack.py; owner trebiluk); no third-party license,trebiluk project,generated,generated
corn_stalks,block-texture,textures/blocks/corn_stalks.png,32x32,,Project-original (generated by tools/gen_pack.py; owner trebiluk); no third-party license,trebiluk project,generated,generated
cobweb,block-texture,textures/blocks/cobweb.png,32x32,,Project-original (generated by tools/gen_pack.py; owner trebiluk); no third-party license,trebiluk project,generated,generated
marigold,block-texture,textures/blocks/marigold.png,32x32,,Project-original (generated by tools/gen_pack.py; owner trebiluk); no third-party license,trebiluk project,generated,generated
papel_picado,block-texture,textures/blocks/papel_picado.png,32x32,,Project-original (generated by tools/gen_pack.py; owner trebiluk); no third-party license,trebiluk project,generated,generated
string_lights,block-texture,textures/blocks/string_lights.png,32x32,,Project-original (generated by tools/gen_pack.py; owner trebiluk); no third-party license,trebiluk project,generated,generated
door_workshop_top,block-texture,textures/blocks/door_workshop_top.png,32x32,,Project-original (generated by tools/gen_pack.py; owner trebiluk); no third-party license,trebiluk project,generated,generated
door_workshop_bottom,block-texture,textures/blocks/door_workshop_bottom.png,32x32,,Project-original (generated by tools/gen_pack.py; owner trebiluk); no third-party license,trebiluk project,generated,generated
mirror,block-texture,textures/blocks/mirror.png,32x32,,Project-original (generated by tools/gen_pack.py; owner trebiluk); no third-party license,trebiluk project,generated,generated
glass_tinted,block-texture,textures/blocks/glass_tinted.png,32x32,https://kenney.nl/assets/voxel-pack,Creative Commons CC0 (as stated on kenney.nl page and License.txt in zip),Kenney (kenney.nl),sourced-derived,kenney:glass_frame (tinted)
glass_frosted,block-texture,textures/blocks/glass_frosted.png,32x32,https://kenney.nl/assets/voxel-pack,Creative Commons CC0 (as stated on kenney.nl page and License.txt in zip),Kenney (kenney.nl),sourced-derived,kenney:glass_frame (frosted)
glass_pane,block-texture,textures/blocks/glass_pane.png,32x32,https://kenney.nl/assets/voxel-pack,Creative Commons CC0 (as stated on kenney.nl page and License.txt in zip),Kenney (kenney.nl),sourced-derived,kenney:glass_frame
quartz_cluster,block-texture,textures/blocks/quartz_cluster.png,32x32,,Project-original (generated by tools/gen_pack.py; owner trebiluk); no third-party license,trebiluk project,generated,generated
bronze_plaque,block-texture,textures/blocks/bronze_plaque.png,32x32,,Project-original (generated by tools/gen_pack.py; owner trebiluk); no third-party license,trebiluk project,generated,generated
leaves_birch,block-texture,textures/blocks/leaves_birch.png,32x32,https://kenney.nl/assets/voxel-pack,Creative Commons CC0 (as stated on kenney.nl page and License.txt in zip),Kenney (kenney.nl),sourced-derived,kenney:leaves_transparent (recoloured)
leaves_spruce,block-texture,textures/blocks/leaves_spruce.png,32x32,https://kenney.nl/assets/voxel-pack,Creative Commons CC0 (as stated on kenney.nl page and License.txt in zip),Kenney (kenney.nl),sourced-derived,kenney:leaves_transparent (recoloured)
flower_pink,block-texture,textures/blocks/flower_pink.png,32x32,,Project-original (generated by tools/gen_pack.py; owner trebiluk); no third-party license,trebiluk project,generated,generated
flower_yellow,block-texture,textures/blocks/flower_yellow.png,32x32,,Project-original (generated by tools/gen_pack.py; owner trebiluk); no third-party license,trebiluk project,generated,generated
gourds,block-texture,textures/blocks/gourds.png,32x32,,Project-original (generated by tools/gen_pack.py; owner trebiluk); no third-party license,trebiluk project,generated,generated
bats_deco,block-texture,textures/blocks/bats_deco.png,32x32,,Project-original (generated by tools/gen_pack.py; owner trebiluk); no third-party license,trebiluk project,generated,generated
winter_lights,block-texture,textures/blocks/winter_lights.png,32x32,,Project-original (generated by tools/gen_pack.py; owner trebiluk); no third-party license,trebiluk project,generated,generated
wreath,block-texture,textures/blocks/wreath.png,32x32,,Project-original (generated by tools/gen_pack.py; owner trebiluk); no third-party license,trebiluk project,generated,generated
wheat_stage1,block-texture,textures/blocks/wheat_stage1.png,32x32,https://kenney.nl/assets/voxel-pack,Creative Commons CC0 (as stated on kenney.nl page and License.txt in zip),Kenney (kenney.nl),sourced-derived,kenney:wheat_stage1
wheat_stage2,block-texture,textures/blocks/wheat_stage2.png,32x32,https://kenney.nl/assets/voxel-pack,Creative Commons CC0 (as stated on kenney.nl page and License.txt in zip),Kenney (kenney.nl),sourced-derived,kenney:wheat_stage2
wheat_stage3,block-texture,textures/blocks/wheat_stage3.png,32x32,https://kenney.nl/assets/voxel-pack,Creative Commons CC0 (as stated on kenney.nl page and License.txt in zip),Kenney (kenney.nl),sourced-derived,kenney:wheat_stage3
woodTool,item-icon,textures/items/woodTool.png,32x32,,Project-original (generated by tools/gen_pack.py; owner trebiluk); no third-party license,trebiluk project,generated,live
stoneTool,item-icon,textures/items/stoneTool.png,32x32,,Project-original (generated by tools/gen_pack.py; owner trebiluk); no third-party license,trebiluk project,generated,live
copperPick,item-icon,textures/items/copperPick.png,32x32,,Project-original (generated by tools/gen_pack.py; owner trebiluk); no third-party license,trebiluk project,generated,basics-1
steelPick,item-icon,textures/items/steelPick.png,32x32,,Project-original (generated by tools/gen_pack.py; owner trebiluk); no third-party license,trebiluk project,generated,basics-1
stick,item-icon,textures/items/stick.png,32x32,,Project-original (generated by tools/gen_pack.py; owner trebiluk); no third-party license,trebiluk project,generated,basics-1
pan,item-icon,textures/items/pan.png,32x32,,Project-original (generated by tools/gen_pack.py; owner trebiluk); no third-party license,trebiluk project,generated,world-1
bucket,item-icon,textures/items/bucket.png,32x32,,Project-original (generated by tools/gen_pack.py; owner trebiluk); no third-party license,trebiluk project,generated,world-1
waterBucket,item-icon,textures/items/waterBucket.png,32x32,,Project-original (generated by tools/gen_pack.py; owner trebiluk); no third-party license,trebiluk project,generated,world-1
berry,item-icon,textures/items/berry.png,32x32,,Project-original (generated by tools/gen_pack.py; owner trebiluk); no third-party license,trebiluk project,generated,live
flour,item-icon,textures/items/flour.png,32x32,,Project-original (generated by tools/gen_pack.py; owner trebiluk); no third-party license,trebiluk project,generated,live
sugar,item-icon,textures/items/sugar.png,32x32,,Project-original (generated by tools/gen_pack.py; owner trebiluk); no third-party license,trebiluk project,generated,live
cupcake,item-icon,textures/items/cupcake.png,32x32,,Project-original (generated by tools/gen_pack.py; owner trebiluk); no third-party license,trebiluk project,generated,live
bread,item-icon,textures/items/bread.png,32x32,,Project-original (generated by tools/gen_pack.py; owner trebiluk); no third-party license,trebiluk project,generated,live
paintDab,item-icon,textures/items/paintDab.png,32x32,,Project-original (generated by tools/gen_pack.py; owner trebiluk); no third-party license,trebiluk project,generated,basics-2
corn,item-icon,textures/items/corn.png,32x32,,Project-original (generated by tools/gen_pack.py; owner trebiluk); no third-party license,trebiluk project,generated,basics-2
cornSeed,item-icon,textures/items/cornSeed.png,32x32,,Project-original (generated by tools/gen_pack.py; owner trebiluk); no third-party license,trebiluk project,generated,basics-2
bioplastic,item-icon,textures/items/bioplastic.png,32x32,,Project-original (generated by tools/gen_pack.py; owner trebiluk); no third-party license,trebiluk project,generated,basics-2
plasticTube,item-icon,textures/items/plasticTube.png,32x32,,Project-original (generated by tools/gen_pack.py; owner trebiluk); no third-party license,trebiluk project,generated,basics-2
glowMix,item-icon,textures/items/glowMix.png,32x32,,Project-original (generated by tools/gen_pack.py; owner trebiluk); no third-party license,trebiluk project,generated,basics-2
boosterDye,item-icon,textures/items/boosterDye.png,32x32,,Project-original (generated by tools/gen_pack.py; owner trebiluk); no third-party license,trebiluk project,generated,basics-2
glassVial,item-icon,textures/items/glassVial.png,32x32,,Project-original (generated by tools/gen_pack.py; owner trebiluk); no third-party license,trebiluk project,generated,basics-1
rawCopper,item-icon,textures/items/rawCopper.png,32x32,,Project-original (generated by tools/gen_pack.py; owner trebiluk); no third-party license,trebiluk project,generated,world-1
copperDust,item-icon,textures/items/copperDust.png,32x32,,Project-original (generated by tools/gen_pack.py; owner trebiluk); no third-party license,trebiluk project,generated,basics-2
copperIngot,item-icon,textures/items/copperIngot.png,32x32,,Project-original (generated by tools/gen_pack.py; owner trebiluk); no third-party license,trebiluk project,generated,basics-1
copperWire,item-icon,textures/items/copperWire.png,32x32,,Project-original (generated by tools/gen_pack.py; owner trebiluk); no third-party license,trebiluk project,generated,basics-1
ironIngot,item-icon,textures/items/ironIngot.png,32x32,,Project-original (generated by tools/gen_pack.py; owner trebiluk); no third-party license,trebiluk project,generated,basics-1
steel,item-icon,textures/items/steel.png,32x32,,Project-original (generated by tools/gen_pack.py; owner trebiluk); no third-party license,trebiluk project,generated,basics-1
zincIngot,item-icon,textures/items/zincIngot.png,32x32,,Project-original (generated by tools/gen_pack.py; owner trebiluk); no third-party license,trebiluk project,generated,basics-1
tinIngot,item-icon,textures/items/tinIngot.png,32x32,,Project-original (generated by tools/gen_pack.py; owner trebiluk); no third-party license,trebiluk project,generated,world-1
bronzeIngot,item-icon,textures/items/bronzeIngot.png,32x32,,Project-original (generated by tools/gen_pack.py; owner trebiluk); no third-party license,trebiluk project,generated,world-1
silverIngot,item-icon,textures/items/silverIngot.png,32x32,,Project-original (generated by tools/gen_pack.py; owner trebiluk); no third-party license,trebiluk project,generated,world-1
goldFlake,item-icon,textures/items/goldFlake.png,32x32,,Project-original (generated by tools/gen_pack.py; owner trebiluk); no third-party license,trebiluk project,generated,world-1
goldNugget,item-icon,textures/items/goldNugget.png,32x32,,Project-original (generated by tools/gen_pack.py; owner trebiluk); no third-party license,trebiluk project,generated,world-1
goldIngot,item-icon,textures/items/goldIngot.png,32x32,,Project-original (generated by tools/gen_pack.py; owner trebiluk); no third-party license,trebiluk project,generated,world-1
goldLeaf,item-icon,textures/items/goldLeaf.png,32x32,,Project-original (generated by tools/gen_pack.py; owner trebiluk); no third-party license,trebiluk project,generated,world-1
quartz,item-icon,textures/items/quartz.png,32x32,,Project-original (generated by tools/gen_pack.py; owner trebiluk); no third-party license,trebiluk project,generated,world-1
silicon,item-icon,textures/items/silicon.png,32x32,,Project-original (generated by tools/gen_pack.py; owner trebiluk); no third-party license,trebiluk project,generated,basics-3
logicChip,item-icon,textures/items/logicChip.png,32x32,,Project-original (generated by tools/gen_pack.py; owner trebiluk); no third-party license,trebiluk project,generated,basics-3
batteryCell,item-icon,textures/items/batteryCell.png,32x32,,Project-original (generated by tools/gen_pack.py; owner trebiluk); no third-party license,trebiluk project,generated,basics-1
spring,item-icon,textures/items/spring.png,32x32,,Project-original (generated by tools/gen_pack.py; owner trebiluk); no third-party license,trebiluk project,generated,basics-1
wireRope,item-icon,textures/items/wireRope.png,32x32,,Project-original (generated by tools/gen_pack.py; owner trebiluk); no third-party license,trebiluk project,generated,ladder-1
steelBeam,item-icon,textures/items/steelBeam.png,32x32,,Project-original (generated by tools/gen_pack.py; owner trebiluk); no third-party license,trebiluk project,generated,ladder-1
timberBeam,item-icon,textures/items/timberBeam.png,32x32,,Project-original (generated by tools/gen_pack.py; owner trebiluk); no third-party license,trebiluk project,generated,ladder-1
cotton,item-icon,textures/items/cotton.png,32x32,,Project-original (generated by tools/gen_pack.py; owner trebiluk); no third-party license,trebiluk project,generated,storage-1
cottonSeed,item-icon,textures/items/cottonSeed.png,32x32,,Project-original (generated by tools/gen_pack.py; owner trebiluk); no third-party license,trebiluk project,generated,storage-1
cloth,item-icon,textures/items/cloth.png,32x32,,Project-original (generated by tools/gen_pack.py; owner trebiluk); no third-party license,trebiluk project,generated,storage-1
salt,item-icon,textures/items/salt.png,32x32,,Project-original (generated by tools/gen_pack.py; owner trebiluk); no third-party license,trebiluk project,generated,world-2
platinumGrain,item-icon,textures/items/platinumGrain.png,32x32,,Project-original (generated by tools/gen_pack.py; owner trebiluk); no third-party license,trebiluk project,generated,world-2
platinumNugget,item-icon,textures/items/platinumNugget.png,32x32,,Project-original (generated by tools/gen_pack.py; owner trebiluk); no third-party license,trebiluk project,generated,world-2
platinumIngot,item-icon,textures/items/platinumIngot.png,32x32,,Project-original (generated by tools/gen_pack.py; owner trebiluk); no third-party license,trebiluk project,generated,later
alumina,item-icon,textures/items/alumina.png,32x32,,Project-original (generated by tools/gen_pack.py; owner trebiluk); no third-party license,trebiluk project,generated,world-2
aluminumIngot,item-icon,textures/items/aluminumIngot.png,32x32,,Project-original (generated by tools/gen_pack.py; owner trebiluk); no third-party license,trebiluk project,generated,world-2
aluminumBeam,item-icon,textures/items/aluminumBeam.png,32x32,,Project-original (generated by tools/gen_pack.py; owner trebiluk); no third-party license,trebiluk project,generated,ladder-1
titaniumDioxide,item-icon,textures/items/titaniumDioxide.png,32x32,,Project-original (generated by tools/gen_pack.py; owner trebiluk); no third-party license,trebiluk project,generated,world-2
titaniumIngot,item-icon,textures/items/titaniumIngot.png,32x32,,Project-original (generated by tools/gen_pack.py; owner trebiluk); no third-party license,trebiluk project,generated,world-2
graphite,item-icon,textures/items/graphite.png,32x32,,Project-original (generated by tools/gen_pack.py; owner trebiluk); no third-party license,trebiluk project,generated,world-2
rhodiumSpeck,item-icon,textures/items/rhodiumSpeck.png,32x32,,Project-original (generated by tools/gen_pack.py; owner trebiluk); no third-party license,trebiluk project,generated,world-3
iridiumSpeck,item-icon,textures/items/iridiumSpeck.png,32x32,,Project-original (generated by tools/gen_pack.py; owner trebiluk); no third-party license,trebiluk project,generated,world-3
paintBrush,item-icon,textures/items/paintBrush.png,32x32,,Project-original (generated by tools/gen_pack.py; owner trebiluk); no third-party license,trebiluk project,generated,storage-2
satchel,item-icon,textures/items/satchel.png,32x32,,Project-original (generated by tools/gen_pack.py; owner trebiluk); no third-party license,trebiluk project,generated,storage-1
backpack,item-icon,textures/items/backpack.png,32x32,,Project-original (generated by tools/gen_pack.py; owner trebiluk); no third-party license,trebiluk project,generated,storage-1
expeditionPack,item-icon,textures/items/expeditionPack.png,32x32,,Project-original (generated by tools/gen_pack.py; owner trebiluk); no third-party license,trebiluk project,generated,storage-1
fob,item-icon,textures/items/fob.png,32x32,,Project-original (generated by tools/gen_pack.py; owner trebiluk); no third-party license,trebiluk project,generated,bot-cargo
botH1,item-icon,textures/items/botH1.png,32x32,,Project-original (generated by tools/gen_pack.py; owner trebiluk); no third-party license,trebiluk project,generated,bot-cargo
driveS,item-icon,textures/items/driveS.png,32x32,,Project-original (generated by tools/gen_pack.py; owner trebiluk); no third-party license,trebiluk project,generated,storage-5
driveM,item-icon,textures/items/driveM.png,32x32,,Project-original (generated by tools/gen_pack.py; owner trebiluk); no third-party license,trebiluk project,generated,storage-5
driveL,item-icon,textures/items/driveL.png,32x32,,Project-original (generated by tools/gen_pack.py; owner trebiluk); no third-party license,trebiluk project,generated,storage-5
deliveryDrone,item-icon,textures/items/deliveryDrone.png,32x32,,Project-original (generated by tools/gen_pack.py; owner trebiluk); no third-party license,trebiluk project,generated,storage-3
petRock,item-icon,textures/items/petRock.png,32x32,,Project-original (generated by tools/gen_pack.py; owner trebiluk); no third-party license,trebiluk project,generated,fun-1
gravityHat,item-icon,textures/items/gravityHat.png,32x32,,Project-original (generated by tools/gen_pack.py; owner trebiluk); no third-party license,trebiluk project,generated,fun-1
musicDisc,item-icon,textures/items/musicDisc.png,32x32,,Project-original (generated by tools/gen_pack.py; owner trebiluk); no third-party license,trebiluk project,generated,music-1
warpKey,item-icon,textures/items/warpKey.png,32x32,,Project-original (generated by tools/gen_pack.py; owner trebiluk); no third-party license,trebiluk project,generated,effects-1
bandage,item-icon,textures/items/bandage.png,32x32,,Project-original (generated by tools/gen_pack.py; owner trebiluk); no third-party license,trebiluk project,generated,effects-1
herbTonic,item-icon,textures/items/herbTonic.png,32x32,,Project-original (generated by tools/gen_pack.py; owner trebiluk); no third-party license,trebiluk project,generated,effects-1
medKit,item-icon,textures/items/medKit.png,32x32,,Project-original (generated by tools/gen_pack.py; owner trebiluk); no third-party license,trebiluk project,generated,effects-1
whistleBell,item-icon,textures/items/whistleBell.png,32x32,,Project-original (generated by tools/gen_pack.py; owner trebiluk); no third-party license,trebiluk project,generated,effects-1
critterJar,item-icon,textures/items/critterJar.png,32x32,,Project-original (generated by tools/gen_pack.py; owner trebiluk); no third-party license,trebiluk project,generated,effects-1
morphVial,item-icon,textures/items/morphVial.png,32x32,,Project-original (generated by tools/gen_pack.py; owner trebiluk); no third-party license,trebiluk project,generated,effects-1
camoCloak,item-icon,textures/items/camoCloak.png,32x32,,Project-original (generated by tools/gen_pack.py; owner trebiluk); no third-party license,trebiluk project,generated,effects-1
magnetWand,item-icon,textures/items/magnetWand.png,32x32,,Project-original (generated by tools/gen_pack.py; owner trebiluk); no third-party license,trebiluk project,generated,effects-1
lightWand,item-icon,textures/items/lightWand.png,32x32,,Project-original (generated by tools/gen_pack.py; owner trebiluk); no third-party license,trebiluk project,generated,effects-1
fizzVial,item-icon,textures/items/fizzVial.png,32x32,,Project-original (generated by tools/gen_pack.py; owner trebiluk); no third-party license,trebiluk project,generated,effects-1
frostVial,item-icon,textures/items/frostVial.png,32x32,,Project-original (generated by tools/gen_pack.py; owner trebiluk); no third-party license,trebiluk project,generated,effects-1
sparkRod,item-icon,textures/items/sparkRod.png,32x32,,Project-original (generated by tools/gen_pack.py; owner trebiluk); no third-party license,trebiluk project,generated,effects-1
blueprintScroll,item-icon,textures/items/blueprintScroll.png,32x32,,Project-original (generated by tools/gen_pack.py; owner trebiluk); no third-party license,trebiluk project,generated,ladder-1
cogCopper,item-icon,textures/items/cogCopper.png,32x32,,Project-original (generated by tools/gen_pack.py; owner trebiluk); no third-party license,trebiluk project,generated,live
cogSilver,item-icon,textures/items/cogSilver.png,32x32,,Project-original (generated by tools/gen_pack.py; owner trebiluk); no third-party license,trebiluk project,generated,ladder-1
cogGold,item-icon,textures/items/cogGold.png,32x32,,Project-original (generated by tools/gen_pack.py; owner trebiluk); no third-party license,trebiluk project,generated,ladder-1
cogPlatinum,item-icon,textures/items/cogPlatinum.png,32x32,,Project-original (generated by tools/gen_pack.py; owner trebiluk); no third-party license,trebiluk project,generated,ladder-1
cogIridium,item-icon,textures/items/cogIridium.png,32x32,,Project-original (generated by tools/gen_pack.py; owner trebiluk); no third-party license,trebiluk project,generated,world-3
flower,item-icon,textures/items/flower.png,32x32,,Project-original (generated by tools/gen_pack.py; owner trebiluk); no third-party license,trebiluk project,generated,world-2
apple,item-icon,textures/items/apple.png,32x32,https://kenney.nl/assets/voxel-pack,Creative Commons CC0 (as stated on kenney.nl page and License.txt in zip),Kenney (kenney.nl),sourced-derived,holidays-1
carvingTool,item-icon,textures/items/carvingTool.png,32x32,,Project-original (generated by tools/gen_pack.py; owner trebiluk); no third-party license,trebiluk project,generated,holidays-1
block:lever,block-icon (placeholder shape),textures/items/block-lever.png,32x32,,Project-original (generated by tools/gen_pack.py; owner trebiluk); no third-party license,trebiluk project,generated,basics-1
block:leverOn,block-icon (placeholder shape),textures/items/block-leverOn.png,32x32,,Project-original (generated by tools/gen_pack.py; owner trebiluk); no third-party license,trebiluk project,generated,basics-1
block:pushButton,block-icon (placeholder shape),textures/items/block-pushButton.png,32x32,,Project-original (generated by tools/gen_pack.py; owner trebiluk); no third-party license,trebiluk project,generated,basics-1
block:pushButtonOn,block-icon (placeholder shape),textures/items/block-pushButtonOn.png,32x32,,Project-original (generated by tools/gen_pack.py; owner trebiluk); no third-party license,trebiluk project,generated,basics-1
block:lantern,block-icon (placeholder shape),textures/items/block-lantern.png,32x32,,Project-original (generated by tools/gen_pack.py; owner trebiluk); no third-party license,trebiluk project,generated,basics-1
block:charger,block-icon (placeholder shape),textures/items/block-charger.png,32x32,,Project-original (generated by tools/gen_pack.py; owner trebiluk); no third-party license,trebiluk project,generated,basics-1
block:glowPebble,block-icon (placeholder shape),textures/items/block-glowPebble.png,32x32,,Project-original (generated by tools/gen_pack.py; owner trebiluk); no third-party license,trebiluk project,generated,basics-2
block:glowStick,block-icon (placeholder shape),textures/items/block-glowStick.png,32x32,,Project-original (generated by tools/gen_pack.py; owner trebiluk); no third-party license,trebiluk project,generated,basics-2
block:jumboGlow,block-icon (placeholder shape),textures/items/block-jumboGlow.png,32x32,,Project-original (generated by tools/gen_pack.py; owner trebiluk); no third-party license,trebiluk project,generated,basics-2
block:coldGlowVial,block-icon (placeholder shape),textures/items/block-coldGlowVial.png,32x32,,Project-original (generated by tools/gen_pack.py; owner trebiluk); no third-party license,trebiluk project,generated,basics-2
block:saltPan,block-icon (placeholder shape),textures/items/block-saltPan.png,32x32,,Project-original (generated by tools/gen_pack.py; owner trebiluk); no third-party license,trebiluk project,generated,world-2
block:wallShelf,block-icon (placeholder shape),textures/items/block-wallShelf.png,32x32,,Project-original (generated by tools/gen_pack.py; owner trebiluk); no third-party license,trebiluk project,generated,storage-1
block:shelf,block-icon (placeholder shape),textures/items/block-shelf.png,32x32,,Project-original (generated by tools/gen_pack.py; owner trebiluk); no third-party license,trebiluk project,generated,storage-1
block:sideTable,block-icon (placeholder shape),textures/items/block-sideTable.png,32x32,,Project-original (generated by tools/gen_pack.py; owner trebiluk); no third-party license,trebiluk project,generated,storage-1
block:desk,block-icon (placeholder shape),textures/items/block-desk.png,32x32,,Project-original (generated by tools/gen_pack.py; owner trebiluk); no third-party license,trebiluk project,generated,storage-1
block:sign,block-icon (placeholder shape),textures/items/block-sign.png,32x32,,Project-original (generated by tools/gen_pack.py; owner trebiluk); no third-party license,trebiluk project,generated,storage-1
block:itemTube,block-icon (placeholder shape),textures/items/block-itemTube.png,32x32,,Project-original (generated by tools/gen_pack.py; owner trebiluk); no third-party license,trebiluk project,generated,storage-4
block:poweredTube,block-icon (placeholder shape),textures/items/block-poweredTube.png,32x32,,Project-original (generated by tools/gen_pack.py; owner trebiluk); no third-party license,trebiluk project,generated,storage-4
block:filterTube,block-icon (placeholder shape),textures/items/block-filterTube.png,32x32,,Project-original (generated by tools/gen_pack.py; owner trebiluk); no third-party license,trebiluk project,generated,storage-4
block:extractor,block-icon (placeholder shape),textures/items/block-extractor.png,32x32,,Project-original (generated by tools/gen_pack.py; owner trebiluk); no third-party license,trebiluk project,generated,storage-4
block:networkCable,block-icon (placeholder shape),textures/items/block-networkCable.png,32x32,,Project-original (generated by tools/gen_pack.py; owner trebiluk); no third-party license,trebiluk project,generated,storage-5
block:storageLink,block-icon (placeholder shape),textures/items/block-storageLink.png,32x32,,Project-original (generated by tools/gen_pack.py; owner trebiluk); no third-party license,trebiluk project,generated,storage-5
block:teleportPad,block-icon (placeholder shape),textures/items/block-teleportPad.png,32x32,,Project-original (generated by tools/gen_pack.py; owner trebiluk); no third-party license,trebiluk project,generated,storage-3
block:droneDock,block-icon (placeholder shape),textures/items/block-droneDock.png,32x32,,Project-original (generated by tools/gen_pack.py; owner trebiluk); no third-party license,trebiluk project,generated,storage-3
block:networkPad,block-icon (placeholder shape),textures/items/block-networkPad.png,32x32,,Project-original (generated by tools/gen_pack.py; owner trebiluk); no third-party license,trebiluk project,generated,storage-6
block:keyboardBlock,block-icon (placeholder shape),textures/items/block-keyboardBlock.png,32x32,,Project-original (generated by tools/gen_pack.py; owner trebiluk); no third-party license,trebiluk project,generated,music-1
block:drumKit,block-icon (placeholder shape),textures/items/block-drumKit.png,32x32,,Project-original (generated by tools/gen_pack.py; owner trebiluk); no third-party license,trebiluk project,generated,music-1
block:guitar,block-icon (placeholder shape),textures/items/block-guitar.png,32x32,,Project-original (generated by tools/gen_pack.py; owner trebiluk); no third-party license,trebiluk project,generated,music-1
block:ghostLight,block-icon (placeholder shape),textures/items/block-ghostLight.png,32x32,,Project-original (generated by tools/gen_pack.py; owner trebiluk); no third-party license,trebiluk project,generated,holidays-1
block:warpPad,block-icon (placeholder shape),textures/items/block-warpPad.png,32x32,,Project-original (generated by tools/gen_pack.py; owner trebiluk); no third-party license,trebiluk project,generated,effects-1
block:sleepingBag,block-icon (placeholder shape),textures/items/block-sleepingBag.png,32x32,,Project-original (generated by tools/gen_pack.py; owner trebiluk); no third-party license,trebiluk project,generated,effects-1
block:crewBanner,block-icon (placeholder shape),textures/items/block-crewBanner.png,32x32,,Project-original (generated by tools/gen_pack.py; owner trebiluk); no third-party license,trebiluk project,generated,effects-1
block:gameZoneFlag,block-icon (placeholder shape),textures/items/block-gameZoneFlag.png,32x32,,Project-original (generated by tools/gen_pack.py; owner trebiluk); no third-party license,trebiluk project,generated,effects-1
block:dexShelf,block-icon (placeholder shape),textures/items/block-dexShelf.png,32x32,,Project-original (generated by tools/gen_pack.py; owner trebiluk); no third-party license,trebiluk project,generated,world-3
block:trophyShelf,block-icon (placeholder shape),textures/items/block-trophyShelf.png,32x32,,Project-original (generated by tools/gen_pack.py; owner trebiluk); no third-party license,trebiluk project,generated,later
block:scarecrow,block-icon (placeholder shape),textures/items/block-scarecrow.png,32x32,,Project-original (generated by tools/gen_pack.py; owner trebiluk); no third-party license,trebiluk project,generated,holidays-1
block:spookySign,block-icon (placeholder shape),textures/items/block-spookySign.png,32x32,,Project-original (generated by tools/gen_pack.py; owner trebiluk); no third-party license,trebiluk project,generated,holidays-1
block:harvestLantern,block-icon (placeholder shape),textures/items/block-harvestLantern.png,32x32,,Project-original (generated by tools/gen_pack.py; owner trebiluk); no third-party license,trebiluk project,generated,holidays-1
block:chair,block-icon (placeholder shape),textures/items/block-chair.png,32x32,,Project-original (generated by tools/gen_pack.py; owner trebiluk); no third-party license,trebiluk project,generated,storage-2
block:stool,block-icon (placeholder shape),textures/items/block-stool.png,32x32,,Project-original (generated by tools/gen_pack.py; owner trebiluk); no third-party license,trebiluk project,generated,storage-2
block:bench,block-icon (placeholder shape),textures/items/block-bench.png,32x32,,Project-original (generated by tools/gen_pack.py; owner trebiluk); no third-party license,trebiluk project,generated,storage-2
block:table,block-icon (placeholder shape),textures/items/block-table.png,32x32,,Project-original (generated by tools/gen_pack.py; owner trebiluk); no third-party license,trebiluk project,generated,storage-2
block:snowPal,block-icon (placeholder shape),textures/items/block-snowPal.png,32x32,,Project-original (generated by tools/gen_pack.py; owner trebiluk); no third-party license,trebiluk project,generated,holidays-1
block:chair@oak,block-icon (palette variant),textures/items/block-chair@oak.png,32x32,,Project-original (generated by tools/gen_pack.py; owner trebiluk); no third-party license,trebiluk project,generated,storage-2
block:stool@oak,block-icon (palette variant),textures/items/block-stool@oak.png,32x32,,Project-original (generated by tools/gen_pack.py; owner trebiluk); no third-party license,trebiluk project,generated,storage-2
block:bench@oak,block-icon (palette variant),textures/items/block-bench@oak.png,32x32,,Project-original (generated by tools/gen_pack.py; owner trebiluk); no third-party license,trebiluk project,generated,storage-2
block:table@oak,block-icon (palette variant),textures/items/block-table@oak.png,32x32,,Project-original (generated by tools/gen_pack.py; owner trebiluk); no third-party license,trebiluk project,generated,storage-2
block:chair@walnut,block-icon (palette variant),textures/items/block-chair@walnut.png,32x32,,Project-original (generated by tools/gen_pack.py; owner trebiluk); no third-party license,trebiluk project,generated,storage-2
block:stool@walnut,block-icon (palette variant),textures/items/block-stool@walnut.png,32x32,,Project-original (generated by tools/gen_pack.py; owner trebiluk); no third-party license,trebiluk project,generated,storage-2
block:bench@walnut,block-icon (palette variant),textures/items/block-bench@walnut.png,32x32,,Project-original (generated by tools/gen_pack.py; owner trebiluk); no third-party license,trebiluk project,generated,storage-2
block:table@walnut,block-icon (palette variant),textures/items/block-table@walnut.png,32x32,,Project-original (generated by tools/gen_pack.py; owner trebiluk); no third-party license,trebiluk project,generated,storage-2
block:chair@birch,block-icon (palette variant),textures/items/block-chair@birch.png,32x32,,Project-original (generated by tools/gen_pack.py; owner trebiluk); no third-party license,trebiluk project,generated,storage-2
block:stool@birch,block-icon (palette variant),textures/items/block-stool@birch.png,32x32,,Project-original (generated by tools/gen_pack.py; owner trebiluk); no third-party license,trebiluk project,generated,storage-2
block:bench@birch,block-icon (palette variant),textures/items/block-bench@birch.png,32x32,,Project-original (generated by tools/gen_pack.py; owner trebiluk); no third-party license,trebiluk project,generated,storage-2
block:table@birch,block-icon (palette variant),textures/items/block-table@birch.png,32x32,,Project-original (generated by tools/gen_pack.py; owner trebiluk); no third-party license,trebiluk project,generated,storage-2
block:chair@teal,block-icon (palette variant),textures/items/block-chair@teal.png,32x32,,Project-original (generated by tools/gen_pack.py; owner trebiluk); no third-party license,trebiluk project,generated,storage-2
block:stool@teal,block-icon (palette variant),textures/items/block-stool@teal.png,32x32,,Project-original (generated by tools/gen_pack.py; owner trebiluk); no third-party license,trebiluk project,generated,storage-2
block:bench@teal,block-icon (palette variant),textures/items/block-bench@teal.png,32x32,,Project-original (generated by tools/gen_pack.py; owner trebiluk); no third-party license,trebiluk project,generated,storage-2
block:table@teal,block-icon (palette variant),textures/items/block-table@teal.png,32x32,,Project-original (generated by tools/gen_pack.py; owner trebiluk); no third-party license,trebiluk project,generated,storage-2
block:chair@berty,block-icon (palette variant),textures/items/block-chair@berty.png,32x32,,Project-original (generated by tools/gen_pack.py; owner trebiluk); no third-party license,trebiluk project,generated,storage-2
block:stool@berty,block-icon (palette variant),textures/items/block-stool@berty.png,32x32,,Project-original (generated by tools/gen_pack.py; owner trebiluk); no third-party license,trebiluk project,generated,storage-2
block:bench@berty,block-icon (palette variant),textures/items/block-bench@berty.png,32x32,,Project-original (generated by tools/gen_pack.py; owner trebiluk); no third-party license,trebiluk project,generated,storage-2
block:table@berty,block-icon (palette variant),textures/items/block-table@berty.png,32x32,,Project-original (generated by tools/gen_pack.py; owner trebiluk); no third-party license,trebiluk project,generated,storage-2
block:chair@sunny,block-icon (palette variant),textures/items/block-chair@sunny.png,32x32,,Project-original (generated by tools/gen_pack.py; owner trebiluk); no third-party license,trebiluk project,generated,storage-2
block:stool@sunny,block-icon (palette variant),textures/items/block-stool@sunny.png,32x32,,Project-original (generated by tools/gen_pack.py; owner trebiluk); no third-party license,trebiluk project,generated,storage-2
block:bench@sunny,block-icon (palette variant),textures/items/block-bench@sunny.png,32x32,,Project-original (generated by tools/gen_pack.py; owner trebiluk); no third-party license,trebiluk project,generated,storage-2
block:table@sunny,block-icon (palette variant),textures/items/block-table@sunny.png,32x32,,Project-original (generated by tools/gen_pack.py; owner trebiluk); no third-party license,trebiluk project,generated,storage-2
block:chair@coral,block-icon (palette variant),textures/items/block-chair@coral.png,32x32,,Project-original (generated by tools/gen_pack.py; owner trebiluk); no third-party license,trebiluk project,generated,storage-2
block:stool@coral,block-icon (palette variant),textures/items/block-stool@coral.png,32x32,,Project-original (generated by tools/gen_pack.py; owner trebiluk); no third-party license,trebiluk project,generated,storage-2
block:bench@coral,block-icon (palette variant),textures/items/block-bench@coral.png,32x32,,Project-original (generated by tools/gen_pack.py; owner trebiluk); no third-party license,trebiluk project,generated,storage-2
block:table@coral,block-icon (palette variant),textures/items/block-table@coral.png,32x32,,Project-original (generated by tools/gen_pack.py; owner trebiluk); no third-party license,trebiluk project,generated,storage-2
block:chair@slate,block-icon (palette variant),textures/items/block-chair@slate.png,32x32,,Project-original (generated by tools/gen_pack.py; owner trebiluk); no third-party license,trebiluk project,generated,storage-2
block:stool@slate,block-icon (palette variant),textures/items/block-stool@slate.png,32x32,,Project-original (generated by tools/gen_pack.py; owner trebiluk); no third-party license,trebiluk project,generated,storage-2
block:bench@slate,block-icon (palette variant),textures/items/block-bench@slate.png,32x32,,Project-original (generated by tools/gen_pack.py; owner trebiluk); no third-party license,trebiluk project,generated,storage-2
block:table@slate,block-icon (palette variant),textures/items/block-table@slate.png,32x32,,Project-original (generated by tools/gen_pack.py; owner trebiluk); no third-party license,trebiluk project,generated,storage-2
bot,sprite,textures/sprites/bot.png,32x32,,Project-original (generated by tools/gen_pack.py; owner trebiluk); no third-party license,trebiluk project,generated,bot-cargo
drone,sprite,textures/sprites/drone.png,32x32,,Project-original (generated by tools/gen_pack.py; owner trebiluk); no third-party license,trebiluk project,generated,storage-3
petrock,sprite,textures/sprites/petrock.png,32x32,,Project-original (generated by tools/gen_pack.py; owner trebiluk); no third-party license,trebiluk project,generated,fun-1
firefly,sprite,textures/sprites/firefly.png,32x32,,Project-original (generated by tools/gen_pack.py; owner trebiluk); no third-party license,trebiluk project,generated,effects-1
butterfly,sprite,textures/sprites/butterfly.png,32x32,,Project-original (generated by tools/gen_pack.py; owner trebiluk); no third-party license,trebiluk project,generated,effects-1
songbird,sprite,textures/sprites/songbird.png,32x32,,Project-original (generated by tools/gen_pack.py; owner trebiluk); no third-party license,trebiluk project,generated,effects-1
frog,sprite,textures/sprites/frog.png,32x32,,Project-original (generated by tools/gen_pack.py; owner trebiluk); no third-party license,trebiluk project,generated,effects-1
prairiedog,sprite,textures/sprites/prairiedog.png,32x32,,Project-original (generated by tools/gen_pack.py; owner trebiluk); no third-party license,trebiluk project,generated,effects-1
cat,sprite,textures/sprites/cat.png,32x32,,Project-original (generated by tools/gen_pack.py; owner trebiluk); no third-party license,trebiluk project,generated,effects-1
biome:commons,minimap-pattern,textures/minimap/commons.png,16x16,,Project-original (generated by tools/gen_pack.py; owner trebiluk); no third-party license,trebiluk project,generated,world-2
biome:glasswood,minimap-pattern,textures/minimap/glasswood.png,16x16,,Project-original (generated by tools/gen_pack.py; owner trebiluk); no third-party license,trebiluk project,generated,world-2
biome:rustflats,minimap-pattern,textures/minimap/rustflats.png,16x16,,Project-original (generated by tools/gen_pack.py; owner trebiluk); no third-party license,trebiluk project,generated,world-2
biome:tidewell,minimap-pattern,textures/minimap/tidewell.png,16x16,,Project-original (generated by tools/gen_pack.py; owner trebiluk); no third-party license,trebiluk project,generated,world-2
biome:frostspire,minimap-pattern,textures/minimap/frostspire.png,16x16,,Project-original (generated by tools/gen_pack.py; owner trebiluk); no third-party license,trebiluk project,generated,world-2
biome:emberdeep,minimap-pattern,textures/minimap/emberdeep.png,16x16,,Project-original (generated by tools/gen_pack.py; owner trebiluk); no third-party license,trebiluk project,generated,world-2
biome:sea,minimap-pattern,textures/minimap/sea.png,16x16,,Project-original (generated by tools/gen_pack.py; owner trebiluk); no third-party license,trebiluk project,generated,world-2
biome:town,minimap-pattern,textures/minimap/town.png,16x16,,Project-original (generated by tools/gen_pack.py; owner trebiluk); no third-party license,trebiluk project,generated,world-2
