ui:bag,ui-icon,icons/ui/bag.svg,24x24 svg,,Project-original (generated by tools/gen_icons.py; owner trebiluk); no third-party license,trebiluk project,generated,HUD/panels (label always visible)
ui:craft,ui-icon,icons/ui/craft.svg,24x24 svg,,Project-original (generated by tools/gen_icons.py; owner trebiluk); no third-party license,trebiluk project,generated,HUD/panels (label always visible)
ui:tools,ui-icon,icons/ui/tools.svg,24x24 svg,,Project-original (generated by tools/gen_icons.py; owner trebiluk); no third-party license,trebiluk project,generated,HUD/panels (label always visible)
ui:jump,ui-icon,icons/ui/jump.svg,24x24 svg,,Project-original (generated by tools/gen_icons.py; owner trebiluk); no third-party license,trebiluk project,generated,HUD/panels (label always visible)
ui:crouch,ui-icon,icons/ui/crouch.svg,24x24 svg,,Project-original (generated by tools/gen_icons.py; owner trebiluk); no third-party license,trebiluk project,generated,HUD/panels (label always visible)
ui:drop,ui-icon,icons/ui/drop.svg,24x24 svg,,Project-original (generated by tools/gen_icons.py; owner trebiluk); no third-party license,trebiluk project,generated,HUD/panels (label always visible)
ui:use,ui-icon,icons/ui/use.svg,24x24 svg,,Project-original (generated by tools/gen_icons.py; owner trebiluk); no third-party license,trebiluk project,generated,HUD/panels (label always visible)
ui:inspect,ui-icon,icons/ui/inspect.svg,24x24 svg,,Project-original (generated by tools/gen_icons.py; owner trebiluk); no third-party license,trebiluk project,generated,HUD/panels (label always visible)
ui:undo,ui-icon,icons/ui/undo.svg,24x24 svg,,Project-original (generated by tools/gen_icons.py; owner trebiluk); no third-party license,trebiluk project,generated,HUD/panels (label always visible)
ui:redo,ui-icon,icons/ui/redo.svg,24x24 svg,,Project-original (generated by tools/gen_icons.py; owner trebiluk); no third-party license,trebiluk project,generated,HUD/panels (label always visible)
ui:settings,ui-icon,icons/ui/settings.svg,24x24 svg,,Project-original (generated by tools/gen_icons.py; owner trebiluk); no third-party license,trebiluk project,generated,HUD/panels (label always visible)
ui:map,ui-icon,icons/ui/map.svg,24x24 svg,,Project-original (generated by tools/gen_icons.py; owner trebiluk); no third-party license,trebiluk project,generated,HUD/panels (label always visible)
ui:dex,ui-icon,icons/ui/dex.svg,24x24 svg,,Project-original (generated by tools/gen_icons.py; owner trebiluk); no third-party license,trebiluk project,generated,HUD/panels (label always visible)
ui:daily,ui-icon,icons/ui/daily.svg,24x24 svg,,Project-original (generated by tools/gen_icons.py; owner trebiluk); no third-party license,trebiluk project,generated,HUD/panels (label always visible)
ui:music,ui-icon,icons/ui/music.svg,24x24 svg,,Project-original (generated by tools/gen_icons.py; owner trebiluk); no third-party license,trebiluk project,generated,HUD/panels (label always visible)
ui:power,ui-icon,icons/ui/power.svg,24x24 svg,,Project-original (generated by tools/gen_icons.py; owner trebiluk); no third-party license,trebiluk project,generated,HUD/panels (label always visible)
ui:battery_low,ui-icon,icons/ui/battery_low.svg,24x24 svg,,Project-original (generated by tools/gen_icons.py; owner trebiluk); no third-party license,trebiluk project,generated,HUD/panels (label always visible)
ui:battery_full,ui-icon,icons/ui/battery_full.svg,24x24 svg,,Project-original (generated by tools/gen_icons.py; owner trebiluk); no third-party license,trebiluk project,generated,HUD/panels (label always visible)
ui:link,ui-icon,icons/ui/link.svg,24x24 svg,,Project-original (generated by tools/gen_icons.py; owner trebiluk); no third-party license,trebiluk project,generated,HUD/panels (label always visible)
ui:network,ui-icon,icons/ui/network.svg,24x24 svg,,Project-original (generated by tools/gen_icons.py; owner trebiluk); no third-party license,trebiluk project,generated,HUD/panels (label always visible)
ui:filter,ui-icon,icons/ui/filter.svg,24x24 svg,,Project-original (generated by tools/gen_icons.py; owner trebiluk); no third-party license,trebiluk project,generated,HUD/panels (label always visible)
ui:lock,ui-icon,icons/ui/lock.svg,24x24 svg,,Project-original (generated by tools/gen_icons.py; owner trebiluk); no third-party license,trebiluk project,generated,HUD/panels (label always visible)
ui:unlock,ui-icon,icons/ui/unlock.svg,24x24 svg,,Project-original (generated by tools/gen_icons.py; owner trebiluk); no third-party license,trebiluk project,generated,HUD/panels (label always visible)
ui:home,ui-icon,icons/ui/home.svg,24x24 svg,,Project-original (generated by tools/gen_icons.py; owner trebiluk); no third-party license,trebiluk project,generated,HUD/panels (label always visible)
ui:teleport,ui-icon,icons/ui/teleport.svg,24x24 svg,,Project-original (generated by tools/gen_icons.py; owner trebiluk); no third-party license,trebiluk project,generated,HUD/panels (label always visible)
ui:drone,ui-icon,icons/ui/drone.svg,24x24 svg,,Project-original (generated by tools/gen_icons.py; owner trebiluk); no third-party license,trebiluk project,generated,HUD/panels (label always visible)
ui:bot,ui-icon,icons/ui/bot.svg,24x24 svg,,Project-original (generated by tools/gen_icons.py; owner trebiluk); no third-party license,trebiluk project,generated,HUD/panels (label always visible)
ui:sort,ui-icon,icons/ui/sort.svg,24x24 svg,,Project-original (generated by tools/gen_icons.py; owner trebiluk); no third-party license,trebiluk project,generated,HUD/panels (label always visible)
ui:search,ui-icon,icons/ui/search.svg,24x24 svg,,Project-original (generated by tools/gen_icons.py; owner trebiluk); no third-party license,trebiluk project,generated,HUD/panels (label always visible)
ui:close,ui-icon,icons/ui/close.svg,24x24 svg,,Project-original (generated by tools/gen_icons.py; owner trebiluk); no third-party license,trebiluk project,generated,HUD/panels (label always visible)
ui:back,ui-icon,icons/ui/back.svg,24x24 svg,,Project-original (generated by tools/gen_icons.py; owner trebiluk); no third-party license,trebiluk project,generated,HUD/panels (label always visible)
ui:info,ui-icon,icons/ui/info.svg,24x24 svg,,Project-original (generated by tools/gen_icons.py; owner trebiluk); no third-party license,trebiluk project,generated,HUD/panels (label always visible)
ui:sound_on,ui-icon,icons/ui/sound_on.svg,24x24 svg,,Project-original (generated by tools/gen_icons.py; owner trebiluk); no third-party license,trebiluk project,generated,HUD/panels (label always visible)
ui:sound_off,ui-icon,icons/ui/sound_off.svg,24x24 svg,,Project-original (generated by tools/gen_icons.py; owner trebiluk); no third-party license,trebiluk project,generated,HUD/panels (label always visible)
ui:motion_off,ui-icon,icons/ui/motion_off.svg,24x24 svg,,Project-original (generated by tools/gen_icons.py; owner trebiluk); no third-party license,trebiluk project,generated,HUD/panels (label always visible)
ui:slow_taps,ui-icon,icons/ui/slow_taps.svg,24x24 svg,,Project-original (generated by tools/gen_icons.py; owner trebiluk); no third-party license,trebiluk project,generated,HUD/panels (label always visible)
ui:connect_time,ui-icon,icons/ui/connect_time.svg,24x24 svg,,Project-original (generated by tools/gen_icons.py; owner trebiluk); no third-party license,trebiluk project,generated,HUD/panels (label always visible)
ui:language,ui-icon,icons/ui/language.svg,24x24 svg,,Project-original (generated by tools/gen_icons.py; owner trebiluk); no third-party license,trebiluk project,generated,HUD/panels (label always visible)
ui:teacher,ui-icon,icons/ui/teacher.svg,24x24 svg,,Project-original (generated by tools/gen_icons.py; owner trebiluk); no third-party license,trebiluk project,generated,HUD/panels (label always visible)
ui:workshop,ui-icon,icons/ui/workshop.svg,24x24 svg,,Project-original (generated by tools/gen_icons.py; owner trebiluk); no third-party license,trebiluk project,generated,HUD/panels (label always visible)
ui:swim,ui-icon,icons/ui/swim.svg,24x24 svg,,Project-original (generated by tools/gen_icons.py; owner trebiluk); no third-party license,trebiluk project,generated,HUD/panels (label always visible)
ui:pan,ui-icon,icons/ui/pan.svg,24x24 svg,,Project-original (generated by tools/gen_icons.py; owner trebiluk); no third-party license,trebiluk project,generated,HUD/panels (label always visible)
ui:bucket,ui-icon,icons/ui/bucket.svg,24x24 svg,,Project-original (generated by tools/gen_icons.py; owner trebiluk); no third-party license,trebiluk project,generated,HUD/panels (label always visible)
ui:glow,ui-icon,icons/ui/glow.svg,24x24 svg,,Project-original (generated by tools/gen_icons.py; owner trebiluk); no third-party license,trebiluk project,generated,HUD/panels (label always visible)
ui:light,ui-icon,icons/ui/light.svg,24x24 svg,,Project-original (generated by tools/gen_icons.py; owner trebiluk); no third-party license,trebiluk project,generated,HUD/panels (label always visible)
ui:wire,ui-icon,icons/ui/wire.svg,24x24 svg,,Project-original (generated by tools/gen_icons.py; owner trebiluk); no third-party license,trebiluk project,generated,HUD/panels (label always visible)
ui:cog_coin,ui-icon,icons/ui/cog_coin.svg,24x24 svg,,Project-original (generated by tools/gen_icons.py; owner trebiluk); no third-party license,trebiluk project,generated,HUD/panels (label always visible)
ui:gift,ui-icon,icons/ui/gift.svg,24x24 svg,,Project-original (generated by tools/gen_icons.py; owner trebiluk); no third-party license,trebiluk project,generated,HUD/panels (label always visible)
ui:star,ui-icon,icons/ui/star.svg,24x24 svg,,Project-original (generated by tools/gen_icons.py; owner trebiluk); no third-party license,trebiluk project,generated,HUD/panels (label always visible)
ui:trophy,ui-icon,icons/ui/trophy.svg,24x24 svg,,Project-original (generated by tools/gen_icons.py; owner trebiluk); no third-party license,trebiluk project,generated,HUD/panels (label always visible)
ui:scoreboard,ui-icon,icons/ui/scoreboard.svg,24x24 svg,,Project-original (generated by tools/gen_icons.py; owner trebiluk); no third-party license,trebiluk project,generated,HUD/panels (label always visible)
ui:check,ui-icon,icons/ui/check.svg,24x24 svg,,Project-original (generated by tools/gen_icons.py; owner trebiluk); no third-party license,trebiluk project,generated,HUD/panels (label always visible)
ui:question,ui-icon,icons/ui/question.svg,24x24 svg,,Project-original (generated by tools/gen_icons.py; owner trebiluk); no third-party license,trebiluk project,generated,HUD/panels (label always visible)
ui:warning_amber,ui-icon,icons/ui/warning_amber.svg,24x24 svg,,Project-original (generated by tools/gen_icons.py; owner trebiluk); no third-party license,trebiluk project,generated,HUD/panels (label always visible)
ui:pickaxe,ui-icon,icons/ui/pickaxe.svg,24x24 svg,,Project-original (generated by tools/gen_icons.py; owner trebiluk); no third-party license,trebiluk project,generated,HUD/panels (label always visible)
ui:chest,ui-icon,icons/ui/chest.svg,24x24 svg,,Project-original (generated by tools/gen_icons.py; owner trebiluk); no third-party license,trebiluk project,generated,HUD/panels (label always visible)
ui:shelf,ui-icon,icons/ui/shelf.svg,24x24 svg,,Project-original (generated by tools/gen_icons.py; owner trebiluk); no third-party license,trebiluk project,generated,HUD/panels (label always visible)
ui:tube,ui-icon,icons/ui/tube.svg,24x24 svg,,Project-original (generated by tools/gen_icons.py; owner trebiluk); no third-party license,trebiluk project,generated,HUD/panels (label always visible)
ui:chip,ui-icon,icons/ui/chip.svg,24x24 svg,,Project-original (generated by tools/gen_icons.py; owner trebiluk); no third-party license,trebiluk project,generated,HUD/panels (label always visible)
ui:note_block,ui-icon,icons/ui/note_block.svg,24x24 svg,,Project-original (generated by tools/gen_icons.py; owner trebiluk); no third-party license,trebiluk project,generated,HUD/panels (label always visible)
ui:jukebox,ui-icon,icons/ui/jukebox.svg,24x24 svg,,Project-original (generated by tools/gen_icons.py; owner trebiluk); no third-party license,trebiluk project,generated,HUD/panels (label always visible)
ui:pumpkin,ui-icon,icons/ui/pumpkin.svg,24x24 svg,,Project-original (generated by tools/gen_icons.py; owner trebiluk); no third-party license,trebiluk project,generated,HUD/panels (label always visible)
ui:carve,ui-icon,icons/ui/carve.svg,24x24 svg,,Project-original (generated by tools/gen_icons.py; owner trebiluk); no third-party license,trebiluk project,generated,HUD/panels (label always visible)
ui:string_lights,ui-icon,icons/ui/string_lights.svg,24x24 svg,,Project-original (generated by tools/gen_icons.py; owner trebiluk); no third-party license,trebiluk project,generated,HUD/panels (label always visible)
ui:chair,ui-icon,icons/ui/chair.svg,24x24 svg,,Project-original (generated by tools/gen_icons.py; owner trebiluk); no third-party license,trebiluk project,generated,HUD/panels (label always visible)
ui:paint,ui-icon,icons/ui/paint.svg,24x24 svg,,Project-original (generated by tools/gen_icons.py; owner trebiluk); no third-party license,trebiluk project,generated,HUD/panels (label always visible)
ui:biome,ui-icon,icons/ui/biome.svg,24x24 svg,,Project-original (generated by tools/gen_icons.py; owner trebiluk); no third-party license,trebiluk project,generated,HUD/panels (label always visible)
ui:flag,ui-icon,icons/ui/flag.svg,24x24 svg,,Project-original (generated by tools/gen_icons.py; owner trebiluk); no third-party license,trebiluk project,generated,HUD/panels (label always visible)
