mine_stone_1,sfx,sfx/mine_stone_1.ogg,,https://kenney.nl/assets/impact-sounds,Creative Commons CC0 (as stated on kenney.nl page and License.txt in zip),Kenney (kenney.nl),sourced (transcoded+normalised),mine hold tick stone; orig impact-sounds/impactMining_000.ogg
mine_stone_1,sfx,sfx/mine_stone_1.mp3,,https://kenney.nl/assets/impact-sounds,Creative Commons CC0 (as stated on kenney.nl page and License.txt in zip),Kenney (kenney.nl),sourced (transcoded+normalised),mine hold tick stone; orig impact-sounds/impactMining_000.ogg
mine_stone_2,sfx,sfx/mine_stone_2.ogg,,https://kenney.nl/assets/impact-sounds,Creative Commons CC0 (as stated on kenney.nl page and License.txt in zip),Kenney (kenney.nl),sourced (transcoded+normalised),mine hold tick stone; orig impact-sounds/impactMining_001.ogg
mine_stone_2,sfx,sfx/mine_stone_2.mp3,,https://kenney.nl/assets/impact-sounds,Creative Commons CC0 (as stated on kenney.nl page and License.txt in zip),Kenney (kenney.nl),sourced (transcoded+normalised),mine hold tick stone; orig impact-sounds/impactMining_001.ogg
mine_wood,sfx,sfx/mine_wood.ogg,,https://kenney.nl/assets/impact-sounds,Creative Commons CC0 (as stated on kenney.nl page and License.txt in zip),Kenney (kenney.nl),sourced (transcoded+normalised),mine wood; orig impact-sounds/impactWood_light_000.ogg
mine_wood,sfx,sfx/mine_wood.mp3,,https://kenney.nl/assets/impact-sounds,Creative Commons CC0 (as stated on kenney.nl page and License.txt in zip),Kenney (kenney.nl),sourced (transcoded+normalised),mine wood; orig impact-sounds/impactWood_light_000.ogg
mine_soft,sfx,sfx/mine_soft.ogg,,https://kenney.nl/assets/impact-sounds,Creative Commons CC0 (as stated on kenney.nl page and License.txt in zip),Kenney (kenney.nl),sourced (transcoded+normalised),mine dirt/sand/cloth/leaves; orig impact-sounds/impactSoft_medium_000.ogg
mine_soft,sfx,sfx/mine_soft.mp3,,https://kenney.nl/assets/impact-sounds,Creative Commons CC0 (as stated on kenney.nl page and License.txt in zip),Kenney (kenney.nl),sourced (transcoded+normalised),mine dirt/sand/cloth/leaves; orig impact-sounds/impactSoft_medium_000.ogg
mine_glass,sfx,sfx/mine_glass.ogg,,https://kenney.nl/assets/impact-sounds,Creative Commons CC0 (as stated on kenney.nl page and License.txt in zip),Kenney (kenney.nl),sourced (transcoded+normalised),mine glass; orig impact-sounds/impactGlass_light_000.ogg
mine_glass,sfx,sfx/mine_glass.mp3,,https://kenney.nl/assets/impact-sounds,Creative Commons CC0 (as stated on kenney.nl page and License.txt in zip),Kenney (kenney.nl),sourced (transcoded+normalised),mine glass; orig impact-sounds/impactGlass_light_000.ogg
mine_metal,sfx,sfx/mine_metal.ogg,,https://kenney.nl/assets/impact-sounds,Creative Commons CC0 (as stated on kenney.nl page and License.txt in zip),Kenney (kenney.nl),sourced (transcoded+normalised),mine machines/ore; orig impact-sounds/impactMetal_light_000.ogg
mine_metal,sfx,sfx/mine_metal.mp3,,https://kenney.nl/assets/impact-sounds,Creative Commons CC0 (as stated on kenney.nl page and License.txt in zip),Kenney (kenney.nl),sourced (transcoded+normalised),mine machines/ore; orig impact-sounds/impactMetal_light_000.ogg
break_stone,sfx,sfx/break_stone.ogg,,https://kenney.nl/assets/impact-sounds,Creative Commons CC0 (as stated on kenney.nl page and License.txt in zip),Kenney (kenney.nl),sourced (transcoded+normalised),block breaks; orig impact-sounds/impactMining_003.ogg
break_stone,sfx,sfx/break_stone.mp3,,https://kenney.nl/assets/impact-sounds,Creative Commons CC0 (as stated on kenney.nl page and License.txt in zip),Kenney (kenney.nl),sourced (transcoded+normalised),block breaks; orig impact-sounds/impactMining_003.ogg
break_wood,sfx,sfx/break_wood.ogg,,https://kenney.nl/assets/impact-sounds,Creative Commons CC0 (as stated on kenney.nl page and License.txt in zip),Kenney (kenney.nl),sourced (transcoded+normalised),block breaks; orig impact-sounds/impactWood_medium_001.ogg
break_wood,sfx,sfx/break_wood.mp3,,https://kenney.nl/assets/impact-sounds,Creative Commons CC0 (as stated on kenney.nl page and License.txt in zip),Kenney (kenney.nl),sourced (transcoded+normalised),block breaks; orig impact-sounds/impactWood_medium_001.ogg
break_glass,sfx,sfx/break_glass.ogg,,https://kenney.nl/assets/impact-sounds,Creative Commons CC0 (as stated on kenney.nl page and License.txt in zip),Kenney (kenney.nl),sourced (transcoded+normalised),glass breaks; orig impact-sounds/impactGlass_medium_000.ogg
break_glass,sfx,sfx/break_glass.mp3,,https://kenney.nl/assets/impact-sounds,Creative Commons CC0 (as stated on kenney.nl page and License.txt in zip),Kenney (kenney.nl),sourced (transcoded+normalised),glass breaks; orig impact-sounds/impactGlass_medium_000.ogg
place_block,sfx,sfx/place_block.ogg,,https://kenney.nl/assets/impact-sounds,Creative Commons CC0 (as stated on kenney.nl page and License.txt in zip),Kenney (kenney.nl),sourced (transcoded+normalised),Place; orig impact-sounds/impactPlank_medium_000.ogg
place_block,sfx,sfx/place_block.mp3,,https://kenney.nl/assets/impact-sounds,Creative Commons CC0 (as stated on kenney.nl page and License.txt in zip),Kenney (kenney.nl),sourced (transcoded+normalised),Place; orig impact-sounds/impactPlank_medium_000.ogg
place_soft,sfx,sfx/place_soft.ogg,,https://kenney.nl/assets/impact-sounds,Creative Commons CC0 (as stated on kenney.nl page and License.txt in zip),Kenney (kenney.nl),sourced (transcoded+normalised),Place cloth/dirt; orig impact-sounds/impactSoft_heavy_000.ogg
place_soft,sfx,sfx/place_soft.mp3,,https://kenney.nl/assets/impact-sounds,Creative Commons CC0 (as stated on kenney.nl page and License.txt in zip),Kenney (kenney.nl),sourced (transcoded+normalised),Place cloth/dirt; orig impact-sounds/impactSoft_heavy_000.ogg
place_metal,sfx,sfx/place_metal.ogg,,https://kenney.nl/assets/impact-sounds,Creative Commons CC0 (as stated on kenney.nl page and License.txt in zip),Kenney (kenney.nl),sourced (transcoded+normalised),Place machine; orig impact-sounds/impactPlate_light_000.ogg
place_metal,sfx,sfx/place_metal.mp3,,https://kenney.nl/assets/impact-sounds,Creative Commons CC0 (as stated on kenney.nl page and License.txt in zip),Kenney (kenney.nl),sourced (transcoded+normalised),Place machine; orig impact-sounds/impactPlate_light_000.ogg
step_grass,sfx,sfx/step_grass.ogg,,https://kenney.nl/assets/impact-sounds,Creative Commons CC0 (as stated on kenney.nl page and License.txt in zip),Kenney (kenney.nl),sourced (transcoded+normalised),footsteps; orig impact-sounds/footstep_grass_000.ogg
step_grass,sfx,sfx/step_grass.mp3,,https://kenney.nl/assets/impact-sounds,Creative Commons CC0 (as stated on kenney.nl page and License.txt in zip),Kenney (kenney.nl),sourced (transcoded+normalised),footsteps; orig impact-sounds/footstep_grass_000.ogg
step_stone,sfx,sfx/step_stone.ogg,,https://kenney.nl/assets/impact-sounds,Creative Commons CC0 (as stated on kenney.nl page and License.txt in zip),Kenney (kenney.nl),sourced (transcoded+normalised),footsteps; orig impact-sounds/footstep_concrete_000.ogg
step_stone,sfx,sfx/step_stone.mp3,,https://kenney.nl/assets/impact-sounds,Creative Commons CC0 (as stated on kenney.nl page and License.txt in zip),Kenney (kenney.nl),sourced (transcoded+normalised),footsteps; orig impact-sounds/footstep_concrete_000.ogg
step_wood,sfx,sfx/step_wood.ogg,,https://kenney.nl/assets/impact-sounds,Creative Commons CC0 (as stated on kenney.nl page and License.txt in zip),Kenney (kenney.nl),sourced (transcoded+normalised),footsteps; orig impact-sounds/footstep_wood_000.ogg
step_wood,sfx,sfx/step_wood.mp3,,https://kenney.nl/assets/impact-sounds,Creative Commons CC0 (as stated on kenney.nl page and License.txt in zip),Kenney (kenney.nl),sourced (transcoded+normalised),footsteps; orig impact-sounds/footstep_wood_000.ogg
step_snow,sfx,sfx/step_snow.ogg,,https://kenney.nl/assets/impact-sounds,Creative Commons CC0 (as stated on kenney.nl page and License.txt in zip),Kenney (kenney.nl),sourced (transcoded+normalised),footsteps snow (world-2); orig impact-sounds/footstep_snow_000.ogg
step_snow,sfx,sfx/step_snow.mp3,,https://kenney.nl/assets/impact-sounds,Creative Commons CC0 (as stated on kenney.nl page and License.txt in zip),Kenney (kenney.nl),sourced (transcoded+normalised),footsteps snow (world-2); orig impact-sounds/footstep_snow_000.ogg
step_cloth,sfx,sfx/step_cloth.ogg,,https://kenney.nl/assets/impact-sounds,Creative Commons CC0 (as stated on kenney.nl page and License.txt in zip),Kenney (kenney.nl),sourced (transcoded+normalised),footsteps cloth; orig impact-sounds/footstep_carpet_000.ogg
step_cloth,sfx,sfx/step_cloth.mp3,,https://kenney.nl/assets/impact-sounds,Creative Commons CC0 (as stated on kenney.nl page and License.txt in zip),Kenney (kenney.nl),sourced (transcoded+normalised),footsteps cloth; orig impact-sounds/footstep_carpet_000.ogg
door_open,sfx,sfx/door_open.ogg,,https://kenney.nl/assets/rpg-audio,Creative Commons CC0 (as stated on kenney.nl page and License.txt in zip),Kenney (kenney.nl),sourced (transcoded+normalised),door open; orig rpg-audio/doorOpen_1.ogg
door_open,sfx,sfx/door_open.mp3,,https://kenney.nl/assets/rpg-audio,Creative Commons CC0 (as stated on kenney.nl page and License.txt in zip),Kenney (kenney.nl),sourced (transcoded+normalised),door open; orig rpg-audio/doorOpen_1.ogg
door_close,sfx,sfx/door_close.ogg,,https://kenney.nl/assets/rpg-audio,Creative Commons CC0 (as stated on kenney.nl page and License.txt in zip),Kenney (kenney.nl),sourced (transcoded+normalised),door close; orig rpg-audio/doorClose_1.ogg
door_close,sfx,sfx/door_close.mp3,,https://kenney.nl/assets/rpg-audio,Creative Commons CC0 (as stated on kenney.nl page and License.txt in zip),Kenney (kenney.nl),sourced (transcoded+normalised),door close; orig rpg-audio/doorClose_1.ogg
lever,sfx,sfx/lever.ogg,,https://kenney.nl/assets/rpg-audio,Creative Commons CC0 (as stated on kenney.nl page and License.txt in zip),Kenney (kenney.nl),sourced (transcoded+normalised),lever flip; orig rpg-audio/metalLatch.ogg
lever,sfx,sfx/lever.mp3,,https://kenney.nl/assets/rpg-audio,Creative Commons CC0 (as stated on kenney.nl page and License.txt in zip),Kenney (kenney.nl),sourced (transcoded+normalised),lever flip; orig rpg-audio/metalLatch.ogg
button,sfx,sfx/button.ogg,,https://kenney.nl/assets/rpg-audio,Creative Commons CC0 (as stated on kenney.nl page and License.txt in zip),Kenney (kenney.nl),sourced (transcoded+normalised),push button; orig rpg-audio/metalClick.ogg
button,sfx,sfx/button.mp3,,https://kenney.nl/assets/rpg-audio,Creative Commons CC0 (as stated on kenney.nl page and License.txt in zip),Kenney (kenney.nl),sourced (transcoded+normalised),push button; orig rpg-audio/metalClick.ogg
coins,sfx,sfx/coins.ogg,,https://kenney.nl/assets/rpg-audio,Creative Commons CC0 (as stated on kenney.nl page and License.txt in zip),Kenney (kenney.nl),sourced (transcoded+normalised),Cogs paid/received; orig rpg-audio/handleCoins.ogg
coins,sfx,sfx/coins.mp3,,https://kenney.nl/assets/rpg-audio,Creative Commons CC0 (as stated on kenney.nl page and License.txt in zip),Kenney (kenney.nl),sourced (transcoded+normalised),Cogs paid/received; orig rpg-audio/handleCoins.ogg
bag_open,sfx,sfx/bag_open.ogg,,https://kenney.nl/assets/rpg-audio,Creative Commons CC0 (as stated on kenney.nl page and License.txt in zip),Kenney (kenney.nl),sourced (transcoded+normalised),Bag open; orig rpg-audio/cloth1.ogg
bag_open,sfx,sfx/bag_open.mp3,,https://kenney.nl/assets/rpg-audio,Creative Commons CC0 (as stated on kenney.nl page and License.txt in zip),Kenney (kenney.nl),sourced (transcoded+normalised),Bag open; orig rpg-audio/cloth1.ogg
pickup,sfx,sfx/pickup.ogg,,https://kenney.nl/assets/rpg-audio,Creative Commons CC0 (as stated on kenney.nl page and License.txt in zip),Kenney (kenney.nl),sourced (transcoded+normalised),pick up drop; orig rpg-audio/handleSmallLeather.ogg
pickup,sfx,sfx/pickup.mp3,,https://kenney.nl/assets/rpg-audio,Creative Commons CC0 (as stated on kenney.nl page and License.txt in zip),Kenney (kenney.nl),sourced (transcoded+normalised),pick up drop; orig rpg-audio/handleSmallLeather.ogg
box_open,sfx,sfx/box_open.ogg,,https://kenney.nl/assets/rpg-audio,Creative Commons CC0 (as stated on kenney.nl page and License.txt in zip),Kenney (kenney.nl),sourced (transcoded+normalised),Box/Cabinet open; orig rpg-audio/creak1.ogg
box_open,sfx,sfx/box_open.mp3,,https://kenney.nl/assets/rpg-audio,Creative Commons CC0 (as stated on kenney.nl page and License.txt in zip),Kenney (kenney.nl),sourced (transcoded+normalised),Box/Cabinet open; orig rpg-audio/creak1.ogg
book_open,sfx,sfx/book_open.ogg,,https://kenney.nl/assets/rpg-audio,Creative Commons CC0 (as stated on kenney.nl page and License.txt in zip),Kenney (kenney.nl),sourced (transcoded+normalised),Bertodex open; orig rpg-audio/bookOpen.ogg
book_open,sfx,sfx/book_open.mp3,,https://kenney.nl/assets/rpg-audio,Creative Commons CC0 (as stated on kenney.nl page and License.txt in zip),Kenney (kenney.nl),sourced (transcoded+normalised),Bertodex open; orig rpg-audio/bookOpen.ogg
book_flip,sfx,sfx/book_flip.ogg,,https://kenney.nl/assets/rpg-audio,Creative Commons CC0 (as stated on kenney.nl page and License.txt in zip),Kenney (kenney.nl),sourced (transcoded+normalised),Bertodex page; orig rpg-audio/bookFlip1.ogg
book_flip,sfx,sfx/book_flip.mp3,,https://kenney.nl/assets/rpg-audio,Creative Commons CC0 (as stated on kenney.nl page and License.txt in zip),Kenney (kenney.nl),sourced (transcoded+normalised),Bertodex page; orig rpg-audio/bookFlip1.ogg
carve,sfx,sfx/carve.ogg,,https://kenney.nl/assets/rpg-audio,Creative Commons CC0 (as stated on kenney.nl page and License.txt in zip),Kenney (kenney.nl),sourced (transcoded+normalised),pumpkin carve stroke; orig rpg-audio/knifeSlice.ogg
carve,sfx,sfx/carve.mp3,,https://kenney.nl/assets/rpg-audio,Creative Commons CC0 (as stated on kenney.nl page and License.txt in zip),Kenney (kenney.nl),sourced (transcoded+normalised),pumpkin carve stroke; orig rpg-audio/knifeSlice.ogg
smelt_pot,sfx,sfx/smelt_pot.ogg,,https://kenney.nl/assets/rpg-audio,Creative Commons CC0 (as stated on kenney.nl page and License.txt in zip),Kenney (kenney.nl),sourced (transcoded+normalised),Smelter/Forge done; orig rpg-audio/metalPot1.ogg
smelt_pot,sfx,sfx/smelt_pot.mp3,,https://kenney.nl/assets/rpg-audio,Creative Commons CC0 (as stated on kenney.nl page and License.txt in zip),Kenney (kenney.nl),sourced (transcoded+normalised),Smelter/Forge done; orig rpg-audio/metalPot1.ogg
ui_open,sfx,sfx/ui_open.ogg,,https://kenney.nl/assets/interface-sounds,Creative Commons CC0 (as stated on kenney.nl page and License.txt in zip),Kenney (kenney.nl),sourced (transcoded+normalised),panel open; orig interface-sounds/open_001.ogg
ui_open,sfx,sfx/ui_open.mp3,,https://kenney.nl/assets/interface-sounds,Creative Commons CC0 (as stated on kenney.nl page and License.txt in zip),Kenney (kenney.nl),sourced (transcoded+normalised),panel open; orig interface-sounds/open_001.ogg
ui_close,sfx,sfx/ui_close.ogg,,https://kenney.nl/assets/interface-sounds,Creative Commons CC0 (as stated on kenney.nl page and License.txt in zip),Kenney (kenney.nl),sourced (transcoded+normalised),panel close; orig interface-sounds/close_001.ogg
ui_close,sfx,sfx/ui_close.mp3,,https://kenney.nl/assets/interface-sounds,Creative Commons CC0 (as stated on kenney.nl page and License.txt in zip),Kenney (kenney.nl),sourced (transcoded+normalised),panel close; orig interface-sounds/close_001.ogg
ui_confirm,sfx,sfx/ui_confirm.ogg,,https://kenney.nl/assets/interface-sounds,Creative Commons CC0 (as stated on kenney.nl page and License.txt in zip),Kenney (kenney.nl),sourced (transcoded+normalised),craft ok; orig interface-sounds/confirmation_001.ogg
ui_confirm,sfx,sfx/ui_confirm.mp3,,https://kenney.nl/assets/interface-sounds,Creative Commons CC0 (as stated on kenney.nl page and License.txt in zip),Kenney (kenney.nl),sourced (transcoded+normalised),craft ok; orig interface-sounds/confirmation_001.ogg
ui_error,sfx,sfx/ui_error.ogg,,https://kenney.nl/assets/interface-sounds,Creative Commons CC0 (as stated on kenney.nl page and License.txt in zip),Kenney (kenney.nl),sourced (transcoded+normalised),refused (polite); orig interface-sounds/error_004.ogg
ui_error,sfx,sfx/ui_error.mp3,,https://kenney.nl/assets/interface-sounds,Creative Commons CC0 (as stated on kenney.nl page and License.txt in zip),Kenney (kenney.nl),sourced (transcoded+normalised),refused (polite); orig interface-sounds/error_004.ogg
ui_select,sfx,sfx/ui_select.ogg,,https://kenney.nl/assets/interface-sounds,Creative Commons CC0 (as stated on kenney.nl page and License.txt in zip),Kenney (kenney.nl),sourced (transcoded+normalised),slot select; orig interface-sounds/select_001.ogg
ui_select,sfx,sfx/ui_select.mp3,,https://kenney.nl/assets/interface-sounds,Creative Commons CC0 (as stated on kenney.nl page and License.txt in zip),Kenney (kenney.nl),sourced (transcoded+normalised),slot select; orig interface-sounds/select_001.ogg
ui_toggle,sfx,sfx/ui_toggle.ogg,,https://kenney.nl/assets/interface-sounds,Creative Commons CC0 (as stated on kenney.nl page and License.txt in zip),Kenney (kenney.nl),sourced (transcoded+normalised),settings toggle; orig interface-sounds/toggle_001.ogg
ui_toggle,sfx,sfx/ui_toggle.mp3,,https://kenney.nl/assets/interface-sounds,Creative Commons CC0 (as stated on kenney.nl page and License.txt in zip),Kenney (kenney.nl),sourced (transcoded+normalised),settings toggle; orig interface-sounds/toggle_001.ogg
ui_tick,sfx,sfx/ui_tick.ogg,,https://kenney.nl/assets/interface-sounds,Creative Commons CC0 (as stated on kenney.nl page and License.txt in zip),Kenney (kenney.nl),sourced (transcoded+normalised),scroll tick; orig interface-sounds/tick_001.ogg
ui_tick,sfx,sfx/ui_tick.mp3,,https://kenney.nl/assets/interface-sounds,Creative Commons CC0 (as stated on kenney.nl page and License.txt in zip),Kenney (kenney.nl),sourced (transcoded+normalised),scroll tick; orig interface-sounds/tick_001.ogg
ui_drop,sfx,sfx/ui_drop.ogg,,https://kenney.nl/assets/interface-sounds,Creative Commons CC0 (as stated on kenney.nl page and License.txt in zip),Kenney (kenney.nl),sourced (transcoded+normalised),Q drop; orig interface-sounds/drop_001.ogg
ui_drop,sfx,sfx/ui_drop.mp3,,https://kenney.nl/assets/interface-sounds,Creative Commons CC0 (as stated on kenney.nl page and License.txt in zip),Kenney (kenney.nl),sourced (transcoded+normalised),Q drop; orig interface-sounds/drop_001.ogg
ui_back,sfx,sfx/ui_back.ogg,,https://kenney.nl/assets/interface-sounds,Creative Commons CC0 (as stated on kenney.nl page and License.txt in zip),Kenney (kenney.nl),sourced (transcoded+normalised),back; orig interface-sounds/back_001.ogg
ui_back,sfx,sfx/ui_back.mp3,,https://kenney.nl/assets/interface-sounds,Creative Commons CC0 (as stated on kenney.nl page and License.txt in zip),Kenney (kenney.nl),sourced (transcoded+normalised),back; orig interface-sounds/back_001.ogg
ui_pluck,sfx,sfx/ui_pluck.ogg,,https://kenney.nl/assets/interface-sounds,Creative Commons CC0 (as stated on kenney.nl page and License.txt in zip),Kenney (kenney.nl),sourced (transcoded+normalised),tap-to-slot; orig interface-sounds/pluck_001.ogg
ui_pluck,sfx,sfx/ui_pluck.mp3,,https://kenney.nl/assets/interface-sounds,Creative Commons CC0 (as stated on kenney.nl page and License.txt in zip),Kenney (kenney.nl),sourced (transcoded+normalised),tap-to-slot; orig interface-sounds/pluck_001.ogg
ui_question,sfx,sfx/ui_question.ogg,,https://kenney.nl/assets/interface-sounds,Creative Commons CC0 (as stated on kenney.nl page and License.txt in zip),Kenney (kenney.nl),sourced (transcoded+normalised),hint; orig interface-sounds/question_001.ogg
ui_question,sfx,sfx/ui_question.mp3,,https://kenney.nl/assets/interface-sounds,Creative Commons CC0 (as stated on kenney.nl page and License.txt in zip),Kenney (kenney.nl),sourced (transcoded+normalised),hint; orig interface-sounds/question_001.ogg
sting_first_craft,sfx-sting,music/sting_first_craft.ogg,,https://kenney.nl/assets/music-jingles,Creative Commons CC0 (as stated on kenney.nl page and License.txt in zip),Kenney (kenney.nl),sourced (transcoded+normalised),first craft of a recipe; orig music-jingles/jingles_PIZZI00.ogg
sting_first_craft,sfx-sting,music/sting_first_craft.mp3,,https://kenney.nl/assets/music-jingles,Creative Commons CC0 (as stated on kenney.nl page and License.txt in zip),Kenney (kenney.nl),sourced (transcoded+normalised),first craft of a recipe; orig music-jingles/jingles_PIZZI00.ogg
sting_milestone,sfx-sting,music/sting_milestone.ogg,,https://kenney.nl/assets/music-jingles,Creative Commons CC0 (as stated on kenney.nl page and License.txt in zip),Kenney (kenney.nl),sourced (transcoded+normalised),milestone / stamp; orig music-jingles/jingles_STEEL00.ogg
sting_milestone,sfx-sting,music/sting_milestone.mp3,,https://kenney.nl/assets/music-jingles,Creative Commons CC0 (as stated on kenney.nl page and License.txt in zip),Kenney (kenney.nl),sourced (transcoded+normalised),milestone / stamp; orig music-jingles/jingles_STEEL00.ogg
sting_daily_done,sfx-sting,music/sting_daily_done.ogg,,https://kenney.nl/assets/music-jingles,Creative Commons CC0 (as stated on kenney.nl page and License.txt in zip),Kenney (kenney.nl),sourced (transcoded+normalised),Daily done; orig music-jingles/jingles_HIT00.ogg
sting_daily_done,sfx-sting,music/sting_daily_done.mp3,,https://kenney.nl/assets/music-jingles,Creative Commons CC0 (as stated on kenney.nl page and License.txt in zip),Kenney (kenney.nl),sourced (transcoded+normalised),Daily done; orig music-jingles/jingles_HIT00.ogg
sting_level,sfx-sting,music/sting_level.ogg,,https://kenney.nl/assets/music-jingles,Creative Commons CC0 (as stated on kenney.nl page and License.txt in zip),Kenney (kenney.nl),sourced (transcoded+normalised),tier unlock; orig music-jingles/jingles_PIZZI04.ogg
sting_level,sfx-sting,music/sting_level.mp3,,https://kenney.nl/assets/music-jingles,Creative Commons CC0 (as stated on kenney.nl page and License.txt in zip),Kenney (kenney.nl),sourced (transcoded+normalised),tier unlock; orig music-jingles/jingles_PIZZI04.ogg
sting_dex_new,sfx-sting,music/sting_dex_new.ogg,,https://kenney.nl/assets/music-jingles,Creative Commons CC0 (as stated on kenney.nl page and License.txt in zip),Kenney (kenney.nl),sourced (transcoded+normalised),new Bertodex entry; orig music-jingles/jingles_STEEL04.ogg
sting_dex_new,sfx-sting,music/sting_dex_new.mp3,,https://kenney.nl/assets/music-jingles,Creative Commons CC0 (as stated on kenney.nl page and License.txt in zip),Kenney (kenney.nl),sourced (transcoded+normalised),new Bertodex entry; orig music-jingles/jingles_STEEL04.ogg
sting_holiday,sfx-sting,music/sting_holiday.ogg,,https://kenney.nl/assets/music-jingles,Creative Commons CC0 (as stated on kenney.nl page and License.txt in zip),Kenney (kenney.nl),sourced (transcoded+normalised),holiday pack arrives; orig music-jingles/jingles_SAX02.ogg
sting_holiday,sfx-sting,music/sting_holiday.mp3,,https://kenney.nl/assets/music-jingles,Creative Commons CC0 (as stated on kenney.nl page and License.txt in zip),Kenney (kenney.nl),sourced (transcoded+normalised),holiday pack arrives; orig music-jingles/jingles_SAX02.ogg
crack_tick,sfx,sfx/crack_tick.ogg,,,Project-original (generated by tools/gen_sfx.py; owner trebiluk); no third-party license,trebiluk project,generated,mining crack stage tick (paired with crack overlay)
crack_tick,sfx,sfx/crack_tick.mp3,,,Project-original (generated by tools/gen_sfx.py; owner trebiluk); no third-party license,trebiluk project,generated,mining crack stage tick (paired with crack overlay)
puff,sfx,sfx/puff.ogg,,,Project-original (generated by tools/gen_sfx.py; owner trebiluk); no third-party license,trebiluk project,generated,block break puff (paired with particles)
puff,sfx,sfx/puff.mp3,,,Project-original (generated by tools/gen_sfx.py; owner trebiluk); no third-party license,trebiluk project,generated,block break puff (paired with particles)
splash,sfx,sfx/splash.ogg,,,Project-original (generated by tools/gen_sfx.py; owner trebiluk); no third-party license,trebiluk project,generated,enter water (world-1)
splash,sfx,sfx/splash.mp3,,,Project-original (generated by tools/gen_sfx.py; owner trebiluk); no third-party license,trebiluk project,generated,enter water (world-1)
swim_stroke,sfx,sfx/swim_stroke.ogg,,,Project-original (generated by tools/gen_sfx.py; owner trebiluk); no third-party license,trebiluk project,generated,swimming (world-1)
swim_stroke,sfx,sfx/swim_stroke.mp3,,,Project-original (generated by tools/gen_sfx.py; owner trebiluk); no third-party license,trebiluk project,generated,swimming (world-1)
pan_swirl,sfx,sfx/pan_swirl.ogg,,,Project-original (generated by tools/gen_sfx.py; owner trebiluk); no third-party license,trebiluk project,generated,pan swirl (world-1)
pan_swirl,sfx,sfx/pan_swirl.mp3,,,Project-original (generated by tools/gen_sfx.py; owner trebiluk); no third-party license,trebiluk project,generated,pan swirl (world-1)
first_find,sfx,sfx/first_find.ogg,,,Project-original (generated by tools/gen_sfx.py; owner trebiluk); no third-party license,trebiluk project,generated,first find of an ore/element (Bertodex chip)
first_find,sfx,sfx/first_find.mp3,,,Project-original (generated by tools/gen_sfx.py; owner trebiluk); no third-party license,trebiluk project,generated,first find of an ore/element (Bertodex chip)
glow_snap,sfx,sfx/glow_snap.ogg,,,Project-original (generated by tools/gen_sfx.py; owner trebiluk); no third-party license,trebiluk project,generated,glow stick snap/activate
glow_snap,sfx,sfx/glow_snap.mp3,,,Project-original (generated by tools/gen_sfx.py; owner trebiluk); no third-party license,trebiluk project,generated,glow stick snap/activate
power_on,sfx,sfx/power_on.ogg,,,Project-original (generated by tools/gen_sfx.py; owner trebiluk); no third-party license,trebiluk project,generated,power connected (wire glows teal)
power_on,sfx,sfx/power_on.mp3,,,Project-original (generated by tools/gen_sfx.py; owner trebiluk); no third-party license,trebiluk project,generated,power connected (wire glows teal)
power_off,sfx,sfx/power_off.ogg,,,Project-original (generated by tools/gen_sfx.py; owner trebiluk); no third-party license,trebiluk project,generated,power lost
power_off,sfx,sfx/power_off.mp3,,,Project-original (generated by tools/gen_sfx.py; owner trebiluk); no third-party license,trebiluk project,generated,power lost
low_battery,sfx,sfx/low_battery.ogg,,,Project-original (generated by tools/gen_sfx.py; owner trebiluk); no third-party license,trebiluk project,generated,polite low-battery tone (paired with steady amber ring)
low_battery,sfx,sfx/low_battery.mp3,,,Project-original (generated by tools/gen_sfx.py; owner trebiluk); no third-party license,trebiluk project,generated,polite low-battery tone (paired with steady amber ring)
tube_whoosh,sfx,sfx/tube_whoosh.ogg,,,Project-original (generated by tools/gen_sfx.py; owner trebiluk); no third-party license,trebiluk project,generated,item enters tube
tube_whoosh,sfx,sfx/tube_whoosh.mp3,,,Project-original (generated by tools/gen_sfx.py; owner trebiluk); no third-party license,trebiluk project,generated,item enters tube
teleport,sfx,sfx/teleport.ogg,,,Project-original (generated by tools/gen_sfx.py; owner trebiluk); no third-party license,trebiluk project,generated,teleport pad send (items only)
teleport,sfx,sfx/teleport.mp3,,,Project-original (generated by tools/gen_sfx.py; owner trebiluk); no third-party license,trebiluk project,generated,teleport pad send (items only)
drone_hum,sfx,sfx/drone_hum.ogg,,,Project-original (generated by tools/gen_sfx.py; owner trebiluk); no third-party license,trebiluk project,generated,drone flying loop (loopable 1 s)
drone_hum,sfx,sfx/drone_hum.mp3,,,Project-original (generated by tools/gen_sfx.py; owner trebiluk); no third-party license,trebiluk project,generated,drone flying loop (loopable 1 s)
bot_beep,sfx,sfx/bot_beep.ogg,,,Project-original (generated by tools/gen_sfx.py; owner trebiluk); no third-party license,trebiluk project,generated,bot acknowledges
bot_beep,sfx,sfx/bot_beep.mp3,,,Project-original (generated by tools/gen_sfx.py; owner trebiluk); no third-party license,trebiluk project,generated,bot acknowledges
bot_stuck,sfx,sfx/bot_stuck.ogg,,,Project-original (generated by tools/gen_sfx.py; owner trebiluk); no third-party license,trebiluk project,generated,bot cannot reach (paired with chip)
bot_stuck,sfx,sfx/bot_stuck.mp3,,,Project-original (generated by tools/gen_sfx.py; owner trebiluk); no third-party license,trebiluk project,generated,bot cannot reach (paired with chip)
boing,sfx,sfx/boing.ogg,,,Project-original (generated by tools/gen_sfx.py; owner trebiluk); no third-party license,trebiluk project,generated,Bounce Block (fun-1)
boing,sfx,sfx/boing.mp3,,,Project-original (generated by tools/gen_sfx.py; owner trebiluk); no third-party license,trebiluk project,generated,Bounce Block (fun-1)
craft_hammer,sfx,sfx/craft_hammer.ogg,,,Project-original (generated by tools/gen_sfx.py; owner trebiluk); no third-party license,trebiluk project,generated,Workbench craft
craft_hammer,sfx,sfx/craft_hammer.mp3,,,Project-original (generated by tools/gen_sfx.py; owner trebiluk); no third-party license,trebiluk project,generated,Workbench craft
smelt_whoosh,sfx,sfx/smelt_whoosh.ogg,,,Project-original (generated by tools/gen_sfx.py; owner trebiluk); no third-party license,trebiluk project,generated,Smelter start
smelt_whoosh,sfx,sfx/smelt_whoosh.mp3,,,Project-original (generated by tools/gen_sfx.py; owner trebiluk); no third-party license,trebiluk project,generated,Smelter start
fab_whirr,sfx,sfx/fab_whirr.ogg,,,Project-original (generated by tools/gen_sfx.py; owner trebiluk); no third-party license,trebiluk project,generated,Fabricator craft
fab_whirr,sfx,sfx/fab_whirr.mp3,,,Project-original (generated by tools/gen_sfx.py; owner trebiluk); no third-party license,trebiluk project,generated,Fabricator craft
charge_tick,sfx,sfx/charge_tick.ogg,,,Project-original (generated by tools/gen_sfx.py; owner trebiluk); no third-party license,trebiluk project,generated,charger / battery box pip
charge_tick,sfx,sfx/charge_tick.mp3,,,Project-original (generated by tools/gen_sfx.py; owner trebiluk); no third-party license,trebiluk project,generated,charger / battery box pip
warp,sfx,sfx/warp.ogg,,,Project-original (generated by tools/gen_sfx.py; owner trebiluk); no third-party license,trebiluk project,generated,Warp Key (effects-1)
warp,sfx,sfx/warp.mp3,,,Project-original (generated by tools/gen_sfx.py; owner trebiluk); no third-party license,trebiluk project,generated,Warp Key (effects-1)
effect_on,sfx,sfx/effect_on.ogg,,,Project-original (generated by tools/gen_sfx.py; owner trebiluk); no third-party license,trebiluk project,generated,effect starts (paired with timer ring)
effect_on,sfx,sfx/effect_on.mp3,,,Project-original (generated by tools/gen_sfx.py; owner trebiluk); no third-party license,trebiluk project,generated,effect starts (paired with timer ring)
effect_off,sfx,sfx/effect_off.ogg,,,Project-original (generated by tools/gen_sfx.py; owner trebiluk); no third-party license,trebiluk project,generated,effect ends
effect_off,sfx,sfx/effect_off.mp3,,,Project-original (generated by tools/gen_sfx.py; owner trebiluk); no third-party license,trebiluk project,generated,effect ends
sit,sfx,sfx/sit.ogg,,,Project-original (generated by tools/gen_sfx.py; owner trebiluk); no third-party license,trebiluk project,generated,sit on chair/stool/bench
sit,sfx,sfx/sit.mp3,,,Project-original (generated by tools/gen_sfx.py; owner trebiluk); no third-party license,trebiluk project,generated,sit on chair/stool/bench
wind_loop,sfx,sfx/wind_loop.ogg,,,Project-original (generated by tools/gen_sfx.py; owner trebiluk); no third-party license,trebiluk project,generated,Frostspire wind loop (quiet; off in class mode)
wind_loop,sfx,sfx/wind_loop.mp3,,,Project-original (generated by tools/gen_sfx.py; owner trebiluk); no third-party license,trebiluk project,generated,Frostspire wind loop (quiet; off in class mode)
waves_loop,sfx,sfx/waves_loop.ogg,,,Project-original (generated by tools/gen_sfx.py; owner trebiluk); no third-party license,trebiluk project,generated,sea waves loop (world-2)
waves_loop,sfx,sfx/waves_loop.mp3,,,Project-original (generated by tools/gen_sfx.py; owner trebiluk); no third-party license,trebiluk project,generated,sea waves loop (world-2)
salt_ding,sfx,sfx/salt_ding.ogg,,,Project-original (generated by tools/gen_sfx.py; owner trebiluk); no third-party license,trebiluk project,generated,Salt Pan made salt
salt_ding,sfx,sfx/salt_ding.mp3,,,Project-original (generated by tools/gen_sfx.py; owner trebiluk); no third-party license,trebiluk project,generated,Salt Pan made salt
lights_on,sfx,sfx/lights_on.ogg,,,Project-original (generated by tools/gen_sfx.py; owner trebiluk); no third-party license,trebiluk project,generated,holiday/string lights switch on
lights_on,sfx,sfx/lights_on.mp3,,,Project-original (generated by tools/gen_sfx.py; owner trebiluk); no third-party license,trebiluk project,generated,holiday/string lights switch on
inst_marimba,sfx-instrument,sfx/inst_marimba.ogg,,,Project-original (generated by tools/gen_sfx.py; owner trebiluk); no third-party license,trebiluk project,generated,music-1 note block / instruments (C4 sample)
inst_marimba,sfx-instrument,sfx/inst_marimba.mp3,,,Project-original (generated by tools/gen_sfx.py; owner trebiluk); no third-party license,trebiluk project,generated,music-1 note block / instruments (C4 sample)
inst_chime,sfx-instrument,sfx/inst_chime.ogg,,,Project-original (generated by tools/gen_sfx.py; owner trebiluk); no third-party license,trebiluk project,generated,music-1 note block / instruments (C4 sample)
inst_chime,sfx-instrument,sfx/inst_chime.mp3,,,Project-original (generated by tools/gen_sfx.py; owner trebiluk); no third-party license,trebiluk project,generated,music-1 note block / instruments (C4 sample)
inst_steeldrum,sfx-instrument,sfx/inst_steeldrum.ogg,,,Project-original (generated by tools/gen_sfx.py; owner trebiluk); no third-party license,trebiluk project,generated,music-1 note block / instruments (C4 sample)
inst_steeldrum,sfx-instrument,sfx/inst_steeldrum.mp3,,,Project-original (generated by tools/gen_sfx.py; owner trebiluk); no third-party license,trebiluk project,generated,music-1 note block / instruments (C4 sample)
inst_bass,sfx-instrument,sfx/inst_bass.ogg,,,Project-original (generated by tools/gen_sfx.py; owner trebiluk); no third-party license,trebiluk project,generated,music-1 note block / instruments (C4 sample)
inst_bass,sfx-instrument,sfx/inst_bass.mp3,,,Project-original (generated by tools/gen_sfx.py; owner trebiluk); no third-party license,trebiluk project,generated,music-1 note block / instruments (C4 sample)
inst_pluck,sfx-instrument,sfx/inst_pluck.ogg,,,Project-original (generated by tools/gen_sfx.py; owner trebiluk); no third-party license,trebiluk project,generated,music-1 note block / instruments (C4 sample)
inst_pluck,sfx-instrument,sfx/inst_pluck.mp3,,,Project-original (generated by tools/gen_sfx.py; owner trebiluk); no third-party license,trebiluk project,generated,music-1 note block / instruments (C4 sample)
inst_drum_kick,sfx-instrument,sfx/inst_drum_kick.ogg,,,Project-original (generated by tools/gen_sfx.py; owner trebiluk); no third-party license,trebiluk project,generated,music-1 note block / instruments (C4 sample)
inst_drum_kick,sfx-instrument,sfx/inst_drum_kick.mp3,,,Project-original (generated by tools/gen_sfx.py; owner trebiluk); no third-party license,trebiluk project,generated,music-1 note block / instruments (C4 sample)
inst_drum_snare,sfx-instrument,sfx/inst_drum_snare.ogg,,,Project-original (generated by tools/gen_sfx.py; owner trebiluk); no third-party license,trebiluk project,generated,music-1 note block / instruments (C4 sample)
inst_drum_snare,sfx-instrument,sfx/inst_drum_snare.mp3,,,Project-original (generated by tools/gen_sfx.py; owner trebiluk); no third-party license,trebiluk project,generated,music-1 note block / instruments (C4 sample)
inst_drum_hat,sfx-instrument,sfx/inst_drum_hat.ogg,,,Project-original (generated by tools/gen_sfx.py; owner trebiluk); no third-party license,trebiluk project,generated,music-1 note block / instruments (C4 sample)
inst_drum_hat,sfx-instrument,sfx/inst_drum_hat.mp3,,,Project-original (generated by tools/gen_sfx.py; owner trebiluk); no third-party license,trebiluk project,generated,music-1 note block / instruments (C4 sample)
inst_clap,sfx-instrument,sfx/inst_clap.ogg,,,Project-original (generated by tools/gen_sfx.py; owner trebiluk); no third-party license,trebiluk project,generated,music-1 note block / instruments (C4 sample)
inst_clap,sfx-instrument,sfx/inst_clap.mp3,,,Project-original (generated by tools/gen_sfx.py; owner trebiluk); no third-party license,trebiluk project,generated,music-1 note block / instruments (C4 sample)
